,video_id,frame_id,object,confidence,quantity,bbox_x,bbox_y,bbox_w,bbox_h
0,L21_V01,0,truck,0.692,1,684,18,72,41
1,L21_V01,0,boat,0.4279,1,1024,287,254,198
2,L21_V01,78,person,0.9644,1,329,54,588,582
3,L21_V01,78,tie,0.9,1,554,370,63,242
4,L21_V01,79,person,0.9649,1,328,54,588,583
5,L21_V01,79,tie,0.8989,1,554,370,63,242
6,L21_V01,2540,person,0.9685,1,876,130,370,407
7,L21_V01,2540,tie,0.8599,1,1026,334,43,163
8,L21_V01,2540,car,0.4682,2,869,364,38,63
9,L21_V01,2540,car,0.3279,2,1196,355,49,39
10,L21_V01,2640,clock,0.4479,1,639,118,209,234
11,L21_V01,2860,clock,0.5552,1,640,117,204,234
12,L21_V01,3388,person,0.9663,2,208,130,430,507
13,L21_V01,3388,person,0.8848,2,681,298,67,245
14,L21_V01,3388,tie,0.8637,1,377,346,40,161
15,L21_V01,3388,cell phone,0.6488,1,318,565,123,37
16,L21_V01,3895,pottedplant,0.5292,4,20,378,53,58
17,L21_V01,3895,pottedplant,0.4316,4,0,347,73,90
18,L21_V01,3895,pottedplant,0.4243,4,245,471,82,45
19,L21_V01,3895,pottedplant,0.3496,4,962,348,130,90
20,L21_V01,3895,chair,0.3811,2,1042,341,30,20
21,L21_V01,3895,chair,0.3754,2,1074,345,59,43
22,L21_V01,3895,motorbike,0.3517,1,156,322,41,45
23,L21_V01,3895,person,0.3355,1,165,323,31,40
24,L21_V01,3895,car,0.3056,1,422,303,21,20
25,L21_V01,3965,banana,0.4077,3,432,307,114,134
26,L21_V01,3965,banana,0.3643,3,432,308,112,92
27,L21_V01,3965,banana,0.3314,3,204,313,45,73
28,L21_V01,4031,car,0.7308,1,477,293,31,32
29,L21_V01,4096,car,0.5733,1,1196,14,83,121
30,L21_V01,4096,banana,0.5646,2,520,151,75,53
31,L21_V01,4096,banana,0.4803,2,198,371,149,125
32,L21_V01,4161,bear,0.7089,1,322,24,958,536
33,L21_V01,4219,scissors,0.449,1,488,462,340,93
34,L21_V01,4276,person,0.9639,1,466,40,659,598
35,L21_V01,4276,car,0.5462,2,593,173,49,184
36,L21_V01,4276,car,0.3083,2,1216,77,60,51
37,L21_V01,4276,pottedplant,0.3507,2,1037,222,195,181
38,L21_V01,4276,pottedplant,0.3027,2,683,0,444,457
39,L21_V01,4679,car,0.8122,1,938,419,103,37
40,L21_V01,4679,umbrella,0.6518,1,909,492,65,25
41,L21_V01,4747,bird,0.3282,1,1260,403,19,46
42,L21_V01,4820,traffic light,0.4681,1,916,0,57,28
43,L21_V01,4884,person,0.8993,1,58,47,716,592
44,L21_V01,4884,bench,0.3591,1,714,281,90,51
45,L21_V01,4884,chair,0.3277,1,801,283,92,48
46,L21_V01,4884,umbrella,0.3189,1,148,168,124,56
47,L21_V01,5129,car,0.8943,1,792,337,145,150
48,L21_V01,5129,pottedplant,0.6401,5,1079,385,45,64
49,L21_V01,5129,pottedplant,0.4853,5,122,458,39,40
50,L21_V01,5129,pottedplant,0.4271,5,954,358,35,56
51,L21_V01,5129,pottedplant,0.3837,5,377,337,35,60
52,L21_V01,5129,pottedplant,0.3341,5,1124,411,76,69
53,L21_V01,5129,dog,0.5892,1,1019,396,36,31
54,L21_V01,5129,traffic light,0.3426,1,438,296,15,28
55,L21_V01,5129,truck,0.3211,1,791,337,148,151
56,L21_V01,5194,car,0.8139,2,124,177,107,44
57,L21_V01,5194,car,0.3448,2,0,197,39,15
58,L21_V01,5266,umbrella,0.3034,1,1,-1,1279,719
59,L21_V01,5333,car,0.8875,1,365,8,298,128
60,L21_V01,5333,umbrella,0.8477,1,284,279,226,91
61,L21_V01,5333,boat,0.3368,2,392,166,622,358
62,L21_V01,5333,boat,0.3192,2,398,162,725,365
63,L21_V01,5333,person,0.333,1,364,56,38,90
64,L21_V01,5404,boat,0.3768,1,371,226,420,111
65,L21_V01,5404,truck,0.3351,1,0,214,1279,425
66,L21_V01,5476,traffic light,0.5187,1,739,142,149,462
67,L21_V01,5476,stop sign,0.3352,1,739,142,149,462
68,L21_V01,5533,train,0.3521,2,0,288,1279,429
69,L21_V01,5533,train,0.3143,2,0,635,1279,82
70,L21_V01,5595,train,0.5649,2,1,632,1279,87
71,L21_V01,5595,train,0.4356,2,0,629,977,90
72,L21_V01,5595,traffic light,0.4129,1,897,690,82,29
73,L21_V01,5656,boat,0.8433,5,784,157,494,476
74,L21_V01,5656,boat,0.7108,5,29,14,831,601
75,L21_V01,5656,boat,0.4015,5,-1,323,393,313
76,L21_V01,5656,boat,0.3817,5,16,1,1262,635
77,L21_V01,5656,boat,0.3027,5,0,-1,1279,719
78,L21_V01,5656,truck,0.3122,1,-1,323,393,313
79,L21_V01,5706,car,0.8631,2,1162,276,117,121
80,L21_V01,5706,car,0.7527,2,929,294,32,21
81,L21_V01,5706,boat,0.8479,1,387,275,412,197
82,L21_V01,5708,person,0.9625,1,630,57,366,580
83,L21_V01,5708,car,0.9433,3,462,164,297,136
84,L21_V01,5708,car,0.8507,3,241,168,138,70
85,L21_V01,5708,car,0.6023,3,318,149,69,31
86,L21_V01,5708,truck,0.4205,2,319,149,68,31
87,L21_V01,5708,truck,0.4055,2,241,168,138,70
88,L21_V01,5708,boat,0.3559,2,-1,213,914,499
89,L21_V01,5708,boat,0.3201,2,0,214,695,425
90,L21_V01,6073,person,0.9162,1,250,197,283,439
91,L21_V01,6073,kite,0.4594,1,479,251,65,99
92,L21_V01,6154,person,0.8182,1,305,83,544,632
93,L21_V01,6154,kite,0.4279,1,755,251,140,232
94,L21_V01,6215,vase,0.6457,1,0,0,568,638
95,L21_V01,6215,carrot,0.3338,1,431,251,251,287
96,L21_V01,6262,person,0.9605,1,357,33,791,606
97,L21_V01,6672,car,0.732,3,420,333,106,92
98,L21_V01,6672,car,0.5253,3,533,334,41,21
99,L21_V01,6672,car,0.3003,3,283,337,24,17
100,L21_V01,6672,truck,0.5924,1,419,333,107,93
101,L21_V01,6672,person,0.5486,2,759,344,21,44
102,L21_V01,6672,person,0.3364,2,672,337,18,39
103,L21_V01,6673,car,0.8054,2,419,333,106,92
104,L21_V01,6673,car,0.6392,2,530,334,42,21
105,L21_V01,6673,truck,0.553,1,418,333,107,93
106,L21_V01,6673,person,0.5269,2,759,343,22,44
107,L21_V01,6673,person,0.3608,2,672,333,17,42
108,L21_V01,6749,stop sign,0.3532,2,1026,31,187,36
109,L21_V01,6749,stop sign,0.3437,2,132,554,1014,86
110,L21_V01,6804,car,0.3751,3,550,307,69,26
111,L21_V01,6804,car,0.3413,3,423,302,108,32
112,L21_V01,6804,car,0.3048,3,472,318,59,16
113,L21_V01,6869,bed,0.3204,2,0,12,1279,624
114,L21_V01,6869,bed,0.3142,2,0,4,1279,672
115,L21_V01,6922,bear,0.4867,1,125,433,104,131
116,L21_V01,6984,person,0.4597,1,133,222,46,136
117,L21_V01,6984,horse,0.4468,1,707,196,179,213
118,L21_V01,6984,bear,0.3338,1,455,0,461,630
119,L21_V01,7049,stop sign,0.7597,1,566,186,45,98
120,L21_V01,7108,person,0.9636,1,350,48,580,588
121,L21_V01,7108,tie,0.8966,1,588,367,63,245
122,L21_V01,7109,person,0.9662,1,349,48,581,588
123,L21_V01,7109,tie,0.8973,1,587,367,63,245
124,L21_V01,7384,person,0.8778,27,242,328,185,285
125,L21_V01,7384,person,0.8647,27,882,328,243,311
126,L21_V01,7384,person,0.8616,27,705,320,169,317
127,L21_V01,7384,person,0.8087,27,1001,329,162,308
128,L21_V01,7384,person,0.8018,27,529,315,176,279
129,L21_V01,7384,person,0.7513,27,181,315,168,290
130,L21_V01,7384,person,0.6284,27,647,304,92,135
131,L21_V01,7384,person,0.5661,27,848,304,87,217
132,L21_V01,7384,person,0.5566,27,428,315,132,237
133,L21_V01,7384,person,0.5283,27,143,308,138,245
134,L21_V01,7384,person,0.4964,27,1215,343,64,226
135,L21_V01,7384,person,0.4835,27,65,286,125,211
136,L21_V01,7384,person,0.4665,27,420,289,80,131
137,L21_V01,7384,person,0.4013,27,19,288,85,173
138,L21_V01,7384,person,0.3998,27,722,233,54,91
139,L21_V01,7384,person,0.3903,27,24,290,120,172
140,L21_V01,7384,person,0.388,27,989,301,60,104
141,L21_V01,7384,person,0.3853,27,812,295,66,133
142,L21_V01,7384,person,0.3714,27,613,298,61,85
143,L21_V01,7384,person,0.361,27,958,249,57,94
144,L21_V01,7384,person,0.3543,27,150,310,135,243
145,L21_V01,7384,person,0.3215,27,1183,313,74,167
146,L21_V01,7384,person,0.3209,27,1079,314,80,150
147,L21_V01,7384,person,0.3155,27,603,237,51,76
148,L21_V01,7384,person,0.3101,27,429,360,103,190
149,L21_V01,7384,person,0.3085,27,769,287,48,79
150,L21_V01,7384,person,0.3063,27,159,313,150,267
151,L21_V01,7384,backpack,0.7728,1,1181,544,98,95
152,L21_V01,7384,handbag,0.6608,9,754,488,118,60
153,L21_V01,7384,handbag,0.6145,9,756,389,116,158
154,L21_V01,7384,handbag,0.4696,9,461,407,63,56
155,L21_V01,7384,handbag,0.4451,9,1150,425,65,78
156,L21_V01,7384,handbag,0.4181,9,540,592,73,46
157,L21_V01,7384,handbag,0.3755,9,220,357,53,59
158,L21_V01,7384,handbag,0.3687,9,571,466,81,69
159,L21_V01,7384,handbag,0.3274,9,776,388,62,85
160,L21_V01,7384,handbag,0.3011,9,631,446,68,40
161,L21_V01,7384,chair,0.644,7,698,447,187,190
162,L21_V01,7384,chair,0.6045,7,341,413,94,176
163,L21_V01,7384,chair,0.4404,7,301,413,137,187
164,L21_V01,7384,chair,0.4085,7,697,447,98,190
165,L21_V01,7384,chair,0.383,7,603,447,188,191
166,L21_V01,7384,chair,0.3717,7,1148,498,75,141
167,L21_V01,7384,chair,0.3325,7,1150,425,65,78
168,L21_V01,7384,cell phone,0.6205,1,486,380,21,23
169,L21_V01,7384,book,0.4831,2,306,457,46,20
170,L21_V01,7384,book,0.4471,2,131,411,65,19
171,L21_V01,7384,bench,0.348,1,698,447,187,190
172,L21_V01,7467,person,0.8126,23,28,423,236,216
173,L21_V01,7467,person,0.7514,23,713,463,93,94
174,L21_V01,7467,person,0.71,23,973,465,198,174
175,L21_V01,7467,person,0.6927,23,896,393,145,179
176,L21_V01,7467,person,0.6836,23,218,415,141,141
177,L21_V01,7467,person,0.6397,23,626,402,103,153
178,L21_V01,7467,person,0.5856,23,1099,398,83,108
179,L21_V01,7467,person,0.567,23,1152,354,114,187
180,L21_V01,7467,person,0.5474,23,852,366,110,141
181,L21_V01,7467,person,0.5347,23,720,368,113,132
182,L21_V01,7467,person,0.5153,23,347,472,95,86
183,L21_V01,7467,person,0.5107,23,590,340,76,123
184,L21_V01,7467,person,0.5056,23,397,406,110,151
185,L21_V01,7467,person,0.4983,23,228,280,69,110
186,L21_V01,7467,person,0.4962,23,773,265,76,118
187,L21_V01,7467,person,0.413,23,789,336,76,120
188,L21_V01,7467,person,0.3918,23,312,386,99,85
189,L21_V01,7467,person,0.3867,23,1002,333,67,97
190,L21_V01,7467,person,0.3702,23,470,367,70,82
191,L21_V01,7467,person,0.3541,23,1011,366,105,104
192,L21_V01,7467,person,0.3441,23,974,288,57,106
193,L21_V01,7467,person,0.3179,23,30,423,77,147
194,L21_V01,7467,person,0.3013,23,398,406,63,85
195,L21_V01,7467,chair,0.78,31,1020,451,85,37
196,L21_V01,7467,chair,0.7763,31,639,511,93,46
197,L21_V01,7467,chair,0.7508,31,907,509,129,128
198,L21_V01,7467,chair,0.7045,31,213,525,114,32
199,L21_V01,7467,chair,0.7022,31,186,466,79,49
200,L21_V01,7467,chair,0.6634,31,858,459,96,50
201,L21_V01,7467,chair,0.6578,31,732,555,173,83
202,L21_V01,7467,chair,0.5891,31,1111,503,76,60
203,L21_V01,7467,chair,0.5794,31,422,523,61,34
204,L21_V01,7467,chair,0.5653,31,739,460,83,52
205,L21_V01,7467,chair,0.5554,31,449,464,93,53
206,L21_V01,7467,chair,0.5253,31,598,464,70,88
207,L21_V01,7467,chair,0.5049,31,851,459,102,97
208,L21_V01,7467,chair,0.4636,31,449,464,99,92
209,L21_V01,7467,chair,0.4338,31,603,464,66,52
210,L21_V01,7467,chair,0.4318,31,1223,585,56,54
211,L21_V01,7467,chair,0.4152,31,730,556,178,163
212,L21_V01,7467,chair,0.4055,31,813,429,41,38
213,L21_V01,7467,chair,0.4044,31,50,379,50,54
214,L21_V01,7467,chair,0.3906,31,849,506,64,51
215,L21_V01,7467,chair,0.3871,31,735,460,90,95
216,L21_V01,7467,chair,0.3819,31,499,512,50,44
217,L21_V01,7467,chair,0.369,31,734,690,173,29
218,L21_V01,7467,chair,0.3621,31,916,509,118,63
219,L21_V01,7467,chair,0.3423,31,813,429,43,83
220,L21_V01,7467,chair,0.321,31,518,382,84,100
221,L21_V01,7467,chair,0.3106,31,662,377,66,80
222,L21_V01,7467,chair,0.31,31,908,567,126,70
223,L21_V01,7467,chair,0.3096,31,184,513,41,35
224,L21_V01,7467,chair,0.3067,31,42,527,66,36
225,L21_V01,7467,chair,0.3018,31,737,460,88,95
226,L21_V01,7467,tvmonitor,0.5224,1,498,225,243,146
227,L21_V01,7467,laptop,0.5168,1,311,466,72,33
228,L21_V01,7467,cell phone,0.4957,1,1077,546,32,30
229,L21_V01,7467,handbag,0.3434,1,1198,414,60,47
230,L21_V01,7532,person,0.9162,4,849,177,174,379
231,L21_V01,7532,person,0.8289,4,397,49,597,509
232,L21_V01,7532,person,0.4676,4,390,49,614,670
233,L21_V01,7532,person,0.3045,4,936,690,296,29
234,L21_V01,7532,tie,0.6785,1,710,385,76,171
235,L21_V01,7603,person,0.914,24,292,151,267,406
236,L21_V01,7603,person,0.9033,24,555,124,243,433
237,L21_V01,7603,person,0.8989,24,12,141,246,497
238,L21_V01,7603,person,0.7355,24,243,120,133,430
239,L21_V01,7603,person,0.6928,24,763,119,121,343
240,L21_V01,7603,person,0.6281,24,468,111,123,267
241,L21_V01,7603,person,0.6229,24,590,0,688,717
242,L21_V01,7603,person,0.5551,24,106,99,110,174
243,L21_V01,7603,person,0.499,24,467,111,124,341
244,L21_V01,7603,person,0.4857,24,193,105,93,206
245,L21_V01,7603,person,0.4829,24,581,79,84,162
246,L21_V01,7603,person,0.4332,24,761,95,51,106
247,L21_V01,7603,person,0.4085,24,253,63,91,104
248,L21_V01,7603,person,0.4051,24,710,106,67,119
249,L21_V01,7603,person,0.3889,24,194,106,91,128
250,L21_V01,7603,person,0.3843,24,0,57,94,159
251,L21_V01,7603,person,0.3751,24,0,57,95,241
252,L21_V01,7603,person,0.3595,24,845,108,79,161
253,L21_V01,7603,person,0.3549,24,589,122,172,169
254,L21_V01,7603,person,0.3506,24,677,115,87,179
255,L21_V01,7603,person,0.3382,24,353,108,93,93
256,L21_V01,7603,person,0.325,24,466,111,125,418
257,L21_V01,7603,person,0.3149,24,308,63,51,103
258,L21_V01,7603,person,0.3106,24,0,57,94,124
259,L21_V01,7603,handbag,0.8437,1,597,326,126,112
260,L21_V01,7603,chair,0.4035,2,635,495,90,61
261,L21_V01,7603,chair,0.3302,2,806,365,102,188
262,L21_V01,7603,clock,0.3074,1,421,405,18,25
263,L21_V01,7660,person,0.9483,14,761,119,368,439
264,L21_V01,7660,person,0.9292,14,33,150,279,486
265,L21_V01,7660,person,0.8825,14,396,153,150,234
266,L21_V01,7660,person,0.8682,14,1035,108,180,297
267,L21_V01,7660,person,0.8646,14,1169,110,110,127
268,L21_V01,7660,person,0.8259,14,490,46,81,228
269,L21_V01,7660,person,0.7182,14,404,61,47,75
270,L21_V01,7660,person,0.694,14,0,115,92,524
271,L21_V01,7660,person,0.6931,14,128,238,404,321
272,L21_V01,7660,person,0.5358,14,355,91,60,92
273,L21_V01,7660,person,0.412,14,355,91,42,45
274,L21_V01,7660,person,0.3876,14,468,69,34,49
275,L21_V01,7660,person,0.3614,14,79,238,650,480
276,L21_V01,7660,person,0.3553,14,1092,107,67,93
277,L21_V01,7660,chair,0.9107,21,1115,394,77,244
278,L21_V01,7660,chair,0.8978,21,533,269,80,192
279,L21_V01,7660,chair,0.8029,21,561,142,57,92
280,L21_V01,7660,chair,0.7262,21,348,172,29,68
281,L21_V01,7660,chair,0.5519,21,468,141,34,51
282,L21_V01,7660,chair,0.5268,21,361,141,32,49
283,L21_V01,7660,chair,0.51,21,1004,216,78,63
284,L21_V01,7660,chair,0.4879,21,1004,215,173,188
285,L21_V01,7660,chair,0.4458,21,567,118,26,38
286,L21_V01,7660,chair,0.4448,21,571,118,22,24
287,L21_V01,7660,chair,0.4439,21,590,118,24,24
288,L21_V01,7660,chair,0.4218,21,456,135,26,21
289,L21_V01,7660,chair,0.4202,21,405,137,40,37
290,L21_V01,7660,chair,0.4113,21,572,118,20,18
291,L21_V01,7660,chair,0.3518,21,600,119,21,30
292,L21_V01,7660,chair,0.3479,21,592,118,18,19
293,L21_V01,7660,chair,0.3275,21,357,141,37,98
294,L21_V01,7660,chair,0.3242,21,362,140,30,24
295,L21_V01,7660,chair,0.3159,21,600,119,19,25
296,L21_V01,7660,chair,0.3089,21,552,112,19,24
297,L21_V01,7660,chair,0.3031,21,387,145,58,101
298,L21_V01,7660,diningtable,0.5638,2,1116,225,163,186
299,L21_V01,7660,diningtable,0.3243,2,410,117,89,39
300,L21_V01,7660,laptop,0.3731,1,749,690,151,30
301,L21_V01,7660,cell phone,0.3693,2,162,296,68,71
302,L21_V01,7660,cell phone,0.3106,2,15,192,47,49
303,L21_V01,7721,person,0.9472,7,1007,20,272,570
304,L21_V01,7721,person,0.7011,7,1150,3,129,235
305,L21_V01,7721,person,0.6996,7,260,70,902,647
306,L21_V01,7721,person,0.4838,7,0,261,129,375
307,L21_V01,7721,person,0.3848,7,1151,4,129,390
308,L21_V01,7721,person,0.3096,7,0,352,128,284
309,L21_V01,7721,person,0.3009,7,0,0,78,91
310,L21_V01,7721,chair,0.8791,10,55,91,134,186
311,L21_V01,7721,chair,0.8232,10,58,361,117,265
312,L21_V01,7721,chair,0.7399,10,0,93,61,181
313,L21_V01,7721,chair,0.5731,10,46,77,59,82
314,L21_V01,7721,chair,0.542,10,941,226,245,323
315,L21_V01,7721,chair,0.4857,10,66,0,116,80
316,L21_V01,7721,chair,0.4656,10,85,35,35,45
317,L21_V01,7721,chair,0.4541,10,941,226,202,229
318,L21_V01,7721,chair,0.3995,10,1144,567,135,73
319,L21_V01,7721,chair,0.3972,10,942,226,151,107
320,L21_V01,7721,tie,0.3879,1,1163,117,33,32
321,L21_V01,7783,person,0.8689,1,0,37,1279,603
322,L21_V01,7783,bed,0.3656,1,0,0,1277,640
323,L21_V01,7816,person,0.937,15,342,177,225,380
324,L21_V01,7816,person,0.9168,15,1136,185,58,170
325,L21_V01,7816,person,0.8888,15,1,179,82,164
326,L21_V01,7816,person,0.8237,15,43,179,169,191
327,L21_V01,7816,person,0.7975,15,532,198,95,190
328,L21_V01,7816,person,0.7916,15,1032,193,40,118
329,L21_V01,7816,person,0.7884,15,260,196,66,127
330,L21_V01,7816,person,0.777,15,146,113,60,133
331,L21_V01,7816,person,0.7535,15,586,191,51,82
332,L21_V01,7816,person,0.715,15,331,207,62,142
333,L21_V01,7816,person,0.7032,15,1199,236,50,106
334,L21_V01,7816,person,0.6485,15,668,48,386,510
335,L21_V01,7816,person,0.5264,15,674,52,380,662
336,L21_V01,7816,person,0.495,15,124,116,44,65
337,L21_V01,7816,person,0.4736,15,696,210,47,53
338,L21_V01,7816,chair,0.9113,16,978,276,105,146
339,L21_V01,7816,chair,0.9035,16,515,343,95,214
340,L21_V01,7816,chair,0.8555,16,265,254,73,130
341,L21_V01,7816,chair,0.8117,16,1025,424,194,214
342,L21_V01,7816,chair,0.7896,16,921,263,48,67
343,L21_V01,7816,chair,0.4666,16,331,248,64,102
344,L21_V01,7816,chair,0.4582,16,204,201,56,65
345,L21_V01,7816,chair,0.4336,16,512,292,52,51
346,L21_V01,7816,chair,0.4223,16,514,292,68,55
347,L21_V01,7816,chair,0.4197,16,204,201,69,121
348,L21_V01,7816,chair,0.4148,16,177,259,80,132
349,L21_V01,7816,chair,0.4086,16,639,243,50,19
350,L21_V01,7816,chair,0.3991,16,1010,425,208,294
351,L21_V01,7816,chair,0.3441,16,204,201,74,121
352,L21_V01,7816,chair,0.3295,16,393,301,35,44
353,L21_V01,7816,chair,0.3168,16,914,304,30,23
354,L21_V01,7816,bottle,0.8698,4,93,271,42,99
355,L21_V01,7816,bottle,0.8276,4,221,328,68,193
356,L21_V01,7816,bottle,0.3759,4,6,229,20,29
357,L21_V01,7816,bottle,0.3364,4,621,239,15,35
358,L21_V01,7816,diningtable,0.5569,3,586,250,213,133
359,L21_V01,7816,diningtable,0.3348,3,129,551,1009,87
360,L21_V01,7816,diningtable,0.3239,3,593,241,159,39
361,L21_V01,7816,book,0.3192,1,301,482,168,76
362,L21_V01,7866,person,0.9559,18,119,135,452,423
363,L21_V01,7866,person,0.9183,18,343,126,177,284
364,L21_V01,7866,person,0.8656,18,817,155,112,206
365,L21_V01,7866,person,0.8537,18,480,160,215,228
366,L21_V01,7866,person,0.8509,18,666,139,129,153
367,L21_V01,7866,person,0.8278,18,425,33,105,132
368,L21_V01,7866,person,0.7338,18,1029,145,64,72
369,L21_V01,7866,person,0.6953,18,817,83,52,120
370,L21_V01,7866,person,0.6865,18,1106,141,59,130
371,L21_V01,7866,person,0.6097,18,655,79,52,116
372,L21_V01,7866,person,0.6035,18,567,147,91,157
373,L21_V01,7866,person,0.5858,18,768,197,380,364
374,L21_V01,7866,person,0.5365,18,1169,141,70,146
375,L21_V01,7866,person,0.4632,18,767,197,383,518
376,L21_V01,7866,person,0.3705,18,767,198,381,441
377,L21_V01,7866,person,0.3273,18,887,137,31,30
378,L21_V01,7866,person,0.3088,18,756,130,40,88
379,L21_V01,7866,person,0.3054,18,725,138,37,43
380,L21_V01,7866,chair,0.9159,10,1157,223,120,167
381,L21_V01,7866,chair,0.8834,10,24,416,116,221
382,L21_V01,7866,chair,0.8615,10,747,222,85,67
383,L21_V01,7866,chair,0.8457,10,1109,341,57,114
384,L21_V01,7866,chair,0.7643,10,642,202,28,63
385,L21_V01,7866,chair,0.6848,10,669,187,31,40
386,L21_V01,7866,chair,0.62,10,1099,204,52,125
387,L21_V01,7866,chair,0.5133,10,1170,198,61,91
388,L21_V01,7866,chair,0.4706,10,1227,188,35,55
389,L21_V01,7866,chair,0.35,10,1103,238,43,90
390,L21_V01,7866,tie,0.6175,1,289,351,69,121
391,L21_V01,7866,bottle,0.6056,4,686,337,57,132
392,L21_V01,7866,bottle,0.4299,4,717,336,27,132
393,L21_V01,7866,bottle,0.3944,4,793,251,28,72
394,L21_V01,7866,bottle,0.3928,4,687,339,43,126
395,L21_V01,7866,book,0.4424,1,452,354,120,91
396,L21_V01,7866,diningtable,0.4062,1,280,553,866,85
397,L21_V01,7866,cell phone,0.4043,1,591,356,49,35
398,L21_V01,7866,laptop,0.3405,1,624,272,187,117
399,L21_V01,7866,cup,0.3369,1,687,374,60,95
400,L21_V01,7920,person,0.9124,18,301,270,151,305
401,L21_V01,7920,person,0.8996,18,495,275,145,260
402,L21_V01,7920,person,0.8715,18,407,284,133,273
403,L21_V01,7920,person,0.8641,18,89,301,179,331
404,L21_V01,7920,person,0.8224,18,214,300,141,307
405,L21_V01,7920,person,0.8163,18,702,274,121,210
406,L21_V01,7920,person,0.8099,18,577,267,115,240
407,L21_V01,7920,person,0.8082,18,802,260,117,207
408,L21_V01,7920,person,0.7811,18,643,275,99,210
409,L21_V01,7920,person,0.7332,18,893,265,105,172
410,L21_V01,7920,person,0.6314,18,1205,231,73,185
411,L21_V01,7920,person,0.6031,18,1092,262,89,124
412,L21_V01,7920,person,0.6013,18,989,265,82,155
413,L21_V01,7920,person,0.5506,18,951,273,70,143
414,L21_V01,7920,person,0.548,18,1147,259,61,111
415,L21_V01,7920,person,0.5374,18,1039,272,76,122
416,L21_V01,7920,person,0.3241,18,1179,228,41,128
417,L21_V01,7920,person,0.3107,18,1148,259,47,67
418,L21_V01,7920,chair,0.8755,13,0,387,113,251
419,L21_V01,7920,chair,0.6387,13,71,432,113,203
420,L21_V01,7920,chair,0.4322,13,249,466,129,130
421,L21_V01,7920,chair,0.4262,13,340,472,48,99
422,L21_V01,7920,chair,0.4187,13,821,340,54,113
423,L21_V01,7920,chair,0.4065,13,78,431,193,202
424,L21_V01,7920,chair,0.3691,13,524,433,53,94
425,L21_V01,7920,chair,0.3666,13,825,403,47,50
426,L21_V01,7920,chair,0.349,13,753,315,29,24
427,L21_V01,7920,chair,0.3412,13,430,439,88,105
428,L21_V01,7920,chair,0.3304,13,238,440,129,155
429,L21_V01,7920,chair,0.3155,13,402,341,21,43
430,L21_V01,7920,chair,0.3034,13,247,491,50,105
431,L21_V01,7920,handbag,0.7673,15,171,393,59,120
432,L21_V01,7920,handbag,0.7123,15,666,318,73,67
433,L21_V01,7920,handbag,0.7113,15,1008,326,45,28
434,L21_V01,7920,handbag,0.6327,15,844,338,27,41
435,L21_V01,7920,handbag,0.5509,15,443,392,54,31
436,L21_V01,7920,handbag,0.5023,15,549,383,52,29
437,L21_V01,7920,handbag,0.4768,15,616,336,61,72
438,L21_V01,7920,handbag,0.4393,15,930,311,39,47
439,L21_V01,7920,handbag,0.4184,15,617,370,59,40
440,L21_V01,7920,handbag,0.383,15,755,358,37,28
441,L21_V01,7920,handbag,0.3407,15,275,441,78,38
442,L21_V01,7920,handbag,0.3261,15,547,337,82,75
443,L21_V01,7920,handbag,0.3184,15,475,396,66,34
444,L21_V01,7920,handbag,0.3081,15,915,348,45,19
445,L21_V01,7920,handbag,0.3008,15,1171,320,34,23
446,L21_V01,7920,book,0.4245,2,357,381,73,45
447,L21_V01,7920,book,0.3182,2,475,396,66,34
448,L21_V01,7976,person,0.8677,16,642,81,474,557
449,L21_V01,7976,person,0.8596,16,471,108,467,529
450,L21_V01,7976,person,0.8324,16,1150,82,113,187
451,L21_V01,7976,person,0.8146,16,941,86,339,552
452,L21_V01,7976,person,0.804,16,258,62,558,576
453,L21_V01,7976,person,0.7291,16,799,78,178,271
454,L21_V01,7976,person,0.6257,16,1209,41,69,290
455,L21_V01,7976,person,0.5407,16,1005,84,246,252
456,L21_V01,7976,person,0.4621,16,-1,207,447,430
457,L21_V01,7976,person,0.4465,16,918,87,125,247
458,L21_V01,7976,person,0.4187,16,801,77,349,561
459,L21_V01,7976,person,0.3982,16,0,208,693,430
460,L21_V01,7976,person,0.3839,16,0,207,727,430
461,L21_V01,7976,person,0.3303,16,0,207,624,430
462,L21_V01,7976,person,0.3166,16,1010,83,270,553
463,L21_V01,7976,person,0.3149,16,2,206,947,431
464,L21_V01,7976,book,0.6963,5,755,489,224,131
465,L21_V01,7976,book,0.5436,5,974,207,161,168
466,L21_V01,7976,book,0.4717,5,1067,307,123,113
467,L21_V01,7976,book,0.3799,5,848,303,156,176
468,L21_V01,7976,book,0.3283,5,777,341,112,104
469,L21_V01,7976,laptop,0.4239,2,848,303,156,176
470,L21_V01,7976,laptop,0.3564,2,1184,320,95,84
471,L21_V01,7976,cell phone,0.3279,1,1144,201,49,87
472,L21_V01,7976,handbag,0.3226,2,1067,307,123,113
473,L21_V01,7976,handbag,0.3009,2,1184,320,95,84
474,L21_V01,8033,person,0.9735,1,0,-1,1279,640
475,L21_V01,8061,cell phone,0.9597,1,236,0,887,641
476,L21_V01,8061,person,0.5922,3,0,0,1123,641
477,L21_V01,8061,person,0.459,3,0,0,342,639
478,L21_V01,8061,person,0.3535,3,0,-1,1150,719
479,L21_V01,8062,cell phone,0.9568,1,238,0,880,640
480,L21_V01,8062,person,0.5003,3,0,0,1116,642
481,L21_V01,8062,person,0.4447,3,0,0,344,640
482,L21_V01,8062,person,0.42,3,0,-1,1141,719
483,L21_V01,8101,person,0.9668,1,94,55,724,581
484,L21_V01,8101,pottedplant,0.3871,1,882,126,397,512
485,L21_V01,8376,person,0.7538,1,0,-1,1279,656
486,L21_V01,8376,bed,0.3364,1,0,0,1279,719
487,L21_V01,8376,suitcase,0.3087,1,0,0,1279,719
488,L21_V01,8377,person,0.803,1,0,0,1279,659
489,L21_V01,8377,suitcase,0.318,1,0,0,1279,719
490,L21_V01,8377,bed,0.3131,1,0,0,1279,719
491,L21_V01,8412,person,0.97,2,221,80,973,558
492,L21_V01,8412,person,0.5633,2,957,325,74,125
493,L21_V01,8412,laptop,0.9614,1,915,279,364,303
494,L21_V01,8412,remote,0.6642,1,998,489,173,98
495,L21_V01,8412,tvmonitor,0.6603,1,107,0,333,267
496,L21_V01,8412,chair,0.359,1,1179,339,101,154
497,L21_V01,8506,person,0.9645,1,346,51,559,586
498,L21_V01,8506,tie,0.9005,1,565,371,65,242
499,L21_V01,8961,fire hydrant,0.3107,1,537,15,243,383
500,L21_V01,8962,keyboard,0.3205,1,294,331,812,306
501,L21_V01,8975,person,0.9104,1,1185,283,92,257
502,L21_V01,8975,sink,0.3125,1,1053,431,89,29
503,L21_V01,9034,sink,0.3783,1,103,1,1065,197
504,L21_V01,9092,person,0.9544,2,610,211,283,345
505,L21_V01,9092,person,0.8802,2,163,285,57,76
506,L21_V01,9092,clock,0.9087,1,1063,22,57,76
507,L21_V01,9092,book,0.3489,3,468,470,44,22
508,L21_V01,9092,book,0.3414,3,334,474,73,26
509,L21_V01,9092,book,0.3168,3,499,468,59,22
510,L21_V01,9141,oven,0.4599,3,0,0,319,242
511,L21_V01,9141,oven,0.3801,3,0,137,172,211
512,L21_V01,9141,oven,0.3078,3,0,138,169,119
513,L21_V01,9141,book,0.3701,2,534,439,222,77
514,L21_V01,9141,book,0.3328,2,570,500,243,57
515,L21_V01,9184,book,0.5587,3,225,4,871,551
516,L21_V01,9184,book,0.434,3,233,0,773,252
517,L21_V01,9184,book,0.3024,3,0,39,279,410
518,L21_V01,9184,person,0.4366,1,16,336,569,301
519,L21_V01,9184,tvmonitor,0.377,1,225,4,871,551
520,L21_V01,9197,book,0.702,2,202,0,860,559
521,L21_V01,9197,book,0.427,2,0,61,325,576
522,L21_V01,9197,person,0.5918,5,1050,0,229,367
523,L21_V01,9197,person,0.5148,5,1038,0,240,639
524,L21_V01,9197,person,0.3689,5,1,0,1270,719
525,L21_V01,9197,person,0.3625,5,1050,0,229,284
526,L21_V01,9197,person,0.3338,5,1009,690,221,30
527,L21_V01,9251,person,0.9277,11,1054,328,225,287
528,L21_V01,9251,person,0.923,11,721,46,342,511
529,L21_V01,9251,person,0.8784,11,449,180,337,378
530,L21_V01,9251,person,0.8597,11,466,381,60,75
531,L21_V01,9251,person,0.8056,11,1,205,375,432
532,L21_V01,9251,person,0.801,11,20,276,111,132
533,L21_V01,9251,person,0.6616,11,338,455,91,100
534,L21_V01,9251,person,0.5071,11,0,355,51,277
535,L21_V01,9251,person,0.4306,11,0,355,50,116
536,L21_V01,9251,person,0.3579,11,1,205,463,512
537,L21_V01,9251,person,0.3154,11,53,337,66,66
538,L21_V01,9251,cell phone,0.5917,1,948,367,168,106
539,L21_V01,9251,tie,0.3868,1,615,457,57,100
540,L21_V01,9251,aeroplane,0.304,1,934,0,274,65
541,L21_V01,9325,person,0.9266,15,953,441,155,197
542,L21_V01,9325,person,0.9245,15,141,414,163,222
543,L21_V01,9325,person,0.92,15,232,462,271,176
544,L21_V01,9325,person,0.9068,15,703,399,127,147
545,L21_V01,9325,person,0.9007,15,723,238,136,248
546,L21_V01,9325,person,0.8969,15,372,449,131,162
547,L21_V01,9325,person,0.8907,15,758,451,170,186
548,L21_V01,9325,person,0.8816,15,411,424,128,142
549,L21_V01,9325,person,0.8781,15,0,442,141,196
550,L21_V01,9325,person,0.8512,15,1155,480,124,159
551,L21_V01,9325,person,0.8032,15,1172,407,107,108
552,L21_V01,9325,person,0.6903,15,847,406,88,118
553,L21_V01,9325,person,0.5475,15,862,546,118,93
554,L21_V01,9325,person,0.4937,15,0,409,32,46
555,L21_V01,9325,person,0.304,15,811,690,230,29
556,L21_V01,9325,tvmonitor,0.8275,1,1136,337,79,58
557,L21_V01,9325,chair,0.6055,5,1065,348,56,51
558,L21_V01,9325,chair,0.4346,5,477,566,65,72
559,L21_V01,9325,chair,0.3582,5,1103,573,38,65
560,L21_V01,9325,chair,0.3305,5,508,536,25,31
561,L21_V01,9325,chair,0.3069,5,720,538,65,37
562,L21_V01,9325,diningtable,0.5307,1,694,573,122,64
563,L21_V01,9386,person,0.9509,1,517,45,457,669
564,L21_V01,9386,cell phone,0.4265,1,522,295,49,35
565,L21_V01,9386,clock,0.3629,1,632,397,47,43
566,L21_V01,9441,person,0.8657,23,116,383,205,255
567,L21_V01,9441,person,0.8607,23,328,389,217,197
568,L21_V01,9441,person,0.8295,23,974,418,246,222
569,L21_V01,9441,person,0.8127,23,844,271,175,209
570,L21_V01,9441,person,0.8042,23,538,458,218,179
571,L21_V01,9441,person,0.7243,23,718,303,173,333
572,L21_V01,9441,person,0.6714,23,513,233,178,309
573,L21_V01,9441,person,0.6119,23,670,208,106,181
574,L21_V01,9441,person,0.6113,23,431,212,102,127
575,L21_V01,9441,person,0.5908,23,1075,229,109,141
576,L21_V01,9441,person,0.5788,23,982,249,119,186
577,L21_V01,9441,person,0.5294,23,358,543,133,95
578,L21_V01,9441,person,0.5253,23,916,197,92,120
579,L21_V01,9441,person,0.5247,23,310,294,138,148
580,L21_V01,9441,person,0.5203,23,205,232,119,195
581,L21_V01,9441,person,0.5139,23,63,251,86,142
582,L21_V01,9441,person,0.503,23,788,189,63,95
583,L21_V01,9441,person,0.4933,23,836,192,81,173
584,L21_V01,9441,person,0.4866,23,537,197,71,124
585,L21_V01,9441,person,0.4066,23,103,284,165,203
586,L21_V01,9441,person,0.3686,23,730,181,65,101
587,L21_V01,9441,person,0.3582,23,104,284,216,202
588,L21_V01,9441,person,0.3383,23,1162,328,117,210
589,L21_V01,9441,chair,0.8036,13,944,522,61,117
590,L21_V01,9441,chair,0.5461,13,408,300,33,86
591,L21_V01,9441,chair,0.5329,13,1142,383,66,115
592,L21_V01,9441,chair,0.4174,13,1177,467,103,74
593,L21_V01,9441,chair,0.4011,13,0,453,29,83
594,L21_V01,9441,chair,0.399,13,975,340,51,93
595,L21_V01,9441,chair,0.3967,13,41,572,64,67
596,L21_V01,9441,chair,0.3836,13,512,280,27,43
597,L21_V01,9441,chair,0.3798,13,430,260,26,59
598,L21_V01,9441,chair,0.3776,13,701,431,58,78
599,L21_V01,9441,chair,0.3502,13,539,297,24,25
600,L21_V01,9441,chair,0.3163,13,509,416,61,123
601,L21_V01,9441,chair,0.316,13,700,432,107,204
602,L21_V01,9441,bottle,0.779,3,680,370,17,58
603,L21_V01,9441,bottle,0.3932,3,1150,345,21,49
604,L21_V01,9441,bottle,0.3551,3,652,372,11,41
605,L21_V01,9441,diningtable,0.4362,8,464,534,145,102
606,L21_V01,9441,diningtable,0.4268,8,740,427,333,155
607,L21_V01,9441,diningtable,0.3827,8,1020,345,226,107
608,L21_V01,9441,diningtable,0.3795,8,196,582,168,56
609,L21_V01,9441,diningtable,0.3671,8,556,383,176,77
610,L21_V01,9441,diningtable,0.3207,8,430,318,122,148
611,L21_V01,9441,diningtable,0.3069,8,555,382,180,157
612,L21_V01,9441,diningtable,0.3064,8,760,275,78,30
613,L21_V01,9441,tvmonitor,0.3877,1,106,46,203,139
614,L21_V01,9441,cell phone,0.3242,1,1233,627,39,11
615,L21_V01,9441,cup,0.3179,1,1171,346,17,35
616,L21_V01,9507,train,0.8526,1,1,3,1279,715
617,L21_V01,9507,oven,0.5019,1,1,3,1279,715
618,L21_V01,9508,train,0.8565,1,0,8,1279,708
619,L21_V01,9508,oven,0.4691,1,0,8,1279,708
620,L21_V01,9569,person,0.9038,24,738,388,192,224
621,L21_V01,9569,person,0.8444,24,1007,347,144,259
622,L21_V01,9569,person,0.8113,24,705,372,95,135
623,L21_V01,9569,person,0.7786,24,893,351,92,123
624,L21_V01,9569,person,0.756,24,1114,343,147,136
625,L21_V01,9569,person,0.7327,24,378,273,108,176
626,L21_V01,9569,person,0.6474,24,610,339,114,112
627,L21_V01,9569,person,0.6169,24,550,294,91,98
628,L21_V01,9569,person,0.5819,24,764,311,69,94
629,L21_V01,9569,person,0.5685,24,952,316,63,92
630,L21_V01,9569,person,0.5469,24,1015,301,112,112
631,L21_V01,9569,person,0.5306,24,832,326,60,77
632,L21_V01,9569,person,0.4811,24,881,311,58,88
633,L21_V01,9569,person,0.4719,24,976,294,60,75
634,L21_V01,9569,person,0.4476,24,1220,319,59,158
635,L21_V01,9569,person,0.4117,24,703,297,43,79
636,L21_V01,9569,person,0.3689,24,907,279,54,72
637,L21_V01,9569,person,0.3675,24,781,284,45,52
638,L21_V01,9569,person,0.3551,24,685,289,30,52
639,L21_V01,9569,person,0.352,24,856,280,47,59
640,L21_V01,9569,person,0.3483,24,823,289,39,53
641,L21_V01,9569,person,0.3351,24,540,294,99,169
642,L21_V01,9569,person,0.3237,24,1219,319,60,97
643,L21_V01,9569,person,0.3182,24,1136,314,66,73
644,L21_V01,9569,chair,0.9035,6,349,322,76,135
645,L21_V01,9569,chair,0.5905,6,909,483,62,141
646,L21_V01,9569,chair,0.373,6,430,345,96,113
647,L21_V01,9569,chair,0.3722,6,873,483,96,153
648,L21_V01,9569,chair,0.3712,6,1253,460,24,27
649,L21_V01,9569,chair,0.3409,6,980,444,44,47
650,L21_V01,9569,diningtable,0.7298,3,571,392,341,243
651,L21_V01,9569,diningtable,0.3511,3,1139,468,140,129
652,L21_V01,9569,diningtable,0.3052,3,1147,470,132,46
653,L21_V01,9569,tvmonitor,0.5051,3,764,166,238,101
654,L21_V01,9569,tvmonitor,0.3653,3,0,2,334,634
655,L21_V01,9569,tvmonitor,0.3023,3,770,85,20,33
656,L21_V01,9569,clock,0.4911,2,1095,150,52,38
657,L21_V01,9569,clock,0.3166,2,313,5,52,75
658,L21_V01,9569,backpack,0.4502,1,1099,580,178,59
659,L21_V01,9569,pottedplant,0.4151,1,484,269,47,63
660,L21_V01,9569,laptop,0.328,1,1018,496,56,34
661,L21_V01,9569,tie,0.3198,1,786,353,15,29
662,L21_V01,9629,person,0.932,7,155,12,571,624
663,L21_V01,9629,person,0.9275,7,544,0,334,365
664,L21_V01,9629,person,0.923,7,978,68,301,569
665,L21_V01,9629,person,0.8385,7,623,133,548,504
666,L21_V01,9629,person,0.6095,7,1178,0,101,132
667,L21_V01,9629,person,0.6017,7,0,0,392,626
668,L21_V01,9629,person,0.4635,7,0,0,391,486
669,L21_V01,9629,tie,0.8638,5,140,254,158,234
670,L21_V01,9629,tie,0.8524,5,397,459,113,179
671,L21_V01,9629,tie,0.7377,5,1044,501,184,137
672,L21_V01,9629,tie,0.3602,5,1044,359,213,280
673,L21_V01,9629,tie,0.3097,5,695,690,71,29
674,L21_V01,9629,clock,0.3657,1,157,512,37,38
675,L21_V01,9708,person,0.912,21,406,424,179,214
676,L21_V01,9708,person,0.8701,21,1059,406,220,233
677,L21_V01,9708,person,0.8582,21,838,438,228,201
678,L21_V01,9708,person,0.8538,21,747,423,154,214
679,L21_V01,9708,person,0.827,21,576,307,98,185
680,L21_V01,9708,person,0.8014,21,382,429,97,153
681,L21_V01,9708,person,0.7682,21,602,480,195,157
682,L21_V01,9708,person,0.7559,21,198,495,144,143
683,L21_V01,9708,person,0.7513,21,1031,380,96,175
684,L21_V01,9708,person,0.6864,21,698,411,90,120
685,L21_V01,9708,person,0.6104,21,339,415,81,127
686,L21_V01,9708,person,0.5704,21,844,389,67,104
687,L21_V01,9708,person,0.5532,21,980,378,64,92
688,L21_V01,9708,person,0.5481,21,519,407,62,120
689,L21_V01,9708,person,0.4528,21,572,433,127,198
690,L21_V01,9708,person,0.421,21,211,454,182,183
691,L21_V01,9708,person,0.392,21,212,412,181,224
692,L21_V01,9708,person,0.3838,21,954,395,88,76
693,L21_V01,9708,person,0.3778,21,560,397,110,164
694,L21_V01,9708,person,0.352,21,237,409,98,98
695,L21_V01,9708,person,0.3074,21,208,411,97,107
696,L21_V01,9708,bottle,0.8912,3,101,489,45,86
697,L21_V01,9708,bottle,0.8469,3,50,493,50,85
698,L21_V01,9708,bottle,0.8462,3,146,486,47,86
699,L21_V01,9708,hair drier,0.7178,2,1086,23,104,92
700,L21_V01,9708,hair drier,0.4879,2,1137,23,46,46
701,L21_V01,9708,pottedplant,0.6224,1,810,329,114,83
702,L21_V01,9708,chair,0.5175,5,1007,502,48,86
703,L21_V01,9708,chair,0.4446,5,1073,512,59,43
704,L21_V01,9708,chair,0.4146,5,1055,512,76,84
705,L21_V01,9708,chair,0.3877,5,704,385,50,37
706,L21_V01,9708,chair,0.3432,5,0,605,53,35
707,L21_V01,9722,person,0.8087,1,902,172,176,405
708,L21_V01,9722,tie,0.7685,1,972,266,21,71
709,L21_V01,9722,train,0.5612,1,9,0,1271,468
710,L21_V01,9722,diningtable,0.3884,2,638,402,641,235
711,L21_V01,9722,diningtable,0.3592,2,638,402,640,137
712,L21_V01,9722,book,0.3627,1,939,405,112,24
713,L21_V01,9722,cell phone,0.3406,1,936,357,58,19
714,L21_V01,10427,truck,0.5396,1,464,186,458,362
715,L21_V01,10427,car,0.4618,1,464,187,458,362
716,L21_V01,10427,motorbike,0.3884,1,464,186,458,362
717,L21_V01,10465,person,0.9513,8,523,145,106,318
718,L21_V01,10465,person,0.9496,8,366,143,108,340
719,L21_V01,10465,person,0.9378,8,243,139,104,382
720,L21_V01,10465,person,0.9168,8,971,175,60,203
721,L21_V01,10465,person,0.8775,8,689,158,50,140
722,L21_V01,10465,person,0.8714,8,1025,178,52,196
723,L21_V01,10465,person,0.6045,8,820,198,43,89
724,L21_V01,10465,person,0.5818,8,614,169,50,63
725,L21_V01,10465,tvmonitor,0.8972,1,145,135,201,130
726,L21_V01,10465,chair,0.7284,1,201,290,65,59
727,L21_V01,10465,pottedplant,0.5946,1,1130,233,73,82
728,L21_V01,10465,tie,0.5259,6,566,208,17,77
729,L21_V01,10465,tie,0.4419,6,1031,216,19,58
730,L21_V01,10465,tie,0.3825,6,1029,216,16,60
731,L21_V01,10465,tie,0.3732,6,704,198,9,25
732,L21_V01,10465,tie,0.3639,6,1035,216,14,44
733,L21_V01,10465,tie,0.3185,6,416,206,17,82
734,L21_V01,10465,diningtable,0.5069,3,614,286,139,137
735,L21_V01,10465,diningtable,0.4579,3,780,265,215,120
736,L21_V01,10465,diningtable,0.3797,3,206,318,182,165
737,L21_V01,10465,oven,0.3578,2,36,316,211,221
738,L21_V01,10465,oven,0.3473,2,97,435,147,96
739,L21_V01,10541,person,0.9162,8,810,100,265,457
740,L21_V01,10541,person,0.8812,8,1032,154,133,162
741,L21_V01,10541,person,0.848,8,112,70,270,487
742,L21_V01,10541,person,0.8254,8,461,98,243,459
743,L21_V01,10541,person,0.4261,8,459,97,246,620
744,L21_V01,10541,person,0.4003,8,111,70,265,648
745,L21_V01,10541,person,0.3071,8,1230,121,49,230
746,L21_V01,10541,person,0.3068,8,1231,121,49,317
747,L21_V01,10541,chair,0.6673,3,0,449,170,187
748,L21_V01,10541,chair,0.3631,3,0,449,170,269
749,L21_V01,10541,chair,0.3382,3,0,449,169,87
750,L21_V01,10541,tvmonitor,0.6543,4,0,59,369,302
751,L21_V01,10541,tvmonitor,0.4756,4,1066,313,179,154
752,L21_V01,10541,tvmonitor,0.3151,4,0,58,239,297
753,L21_V01,10541,tvmonitor,0.3042,4,1203,275,29,39
754,L21_V01,10541,tie,0.4832,1,921,255,62,187
755,L21_V01,10541,cell phone,0.4286,3,332,405,54,27
756,L21_V01,10541,cell phone,0.3409,3,578,391,36,59
757,L21_V01,10541,cell phone,0.3151,3,945,386,37,56
758,L21_V01,10541,laptop,0.3369,1,1066,313,179,154
759,L21_V01,10610,cell phone,0.8714,1,443,184,437,363
760,L21_V01,10610,person,0.8022,4,0,0,731,526
761,L21_V01,10610,person,0.4669,4,0,0,878,546
762,L21_V01,10610,person,0.4537,4,996,0,283,639
763,L21_V01,10610,person,0.3046,4,0,-1,749,719
764,L21_V01,10651,person,0.4667,2,138,0,206,281
765,L21_V01,10651,person,0.3878,2,143,0,193,105
766,L21_V01,10651,skateboard,0.3195,1,69,259,685,300
767,L21_V01,10771,person,0.9326,4,85,54,424,586
768,L21_V01,10771,person,0.9216,4,792,76,412,623
769,L21_V01,10771,person,0.6127,4,1147,150,132,281
770,L21_V01,10771,person,0.3778,4,1148,150,132,489
771,L21_V01,10771,tie,0.4944,4,955,333,64,223
772,L21_V01,10771,tie,0.4689,4,333,329,29,213
773,L21_V01,10771,tie,0.3328,4,1011,353,34,204
774,L21_V01,10771,tie,0.3061,4,304,311,58,231
775,L21_V01,10830,person,0.9486,7,298,196,125,348
776,L21_V01,10830,person,0.9481,7,463,204,126,323
777,L21_V01,10830,person,0.9453,7,146,188,141,392
778,L21_V01,10830,person,0.9174,7,908,242,73,178
779,L21_V01,10830,person,0.9147,7,861,259,90,175
780,L21_V01,10830,person,0.8678,7,616,207,62,146
781,L21_V01,10830,person,0.6266,7,546,224,63,62
782,L21_V01,10830,tvmonitor,0.8512,1,50,184,215,137
783,L21_V01,10830,oven,0.6764,1,0,501,154,103
784,L21_V01,10830,pottedplant,0.621,1,1074,283,75,80
785,L21_V01,10830,tie,0.554,4,500,266,22,53
786,L21_V01,10830,tie,0.4294,4,644,253,9,25
787,L21_V01,10830,tie,0.328,4,573,270,9,15
788,L21_V01,10830,tie,0.3163,4,353,261,18,85
789,L21_V01,10830,chair,0.5205,1,108,347,54,63
790,L21_V01,10830,diningtable,0.4943,2,537,338,155,143
791,L21_V01,10830,diningtable,0.4082,2,717,330,189,112
792,L21_V01,10830,microwave,0.4442,1,1,502,153,102
793,L21_V01,10893,person,0.5086,7,0,350,825,367
794,L21_V01,10893,person,0.4305,7,0,346,401,291
795,L21_V01,10893,person,0.3822,7,0,0,904,448
796,L21_V01,10893,person,0.3618,7,-1,0,913,719
797,L21_V01,10893,person,0.3542,7,317,689,491,30
798,L21_V01,10893,person,0.3202,7,0,0,907,638
799,L21_V01,10893,person,0.317,7,319,523,507,197
800,L21_V01,10893,cell phone,0.3058,1,179,55,789,585
801,L21_V01,10894,person,0.487,6,0,344,412,293
802,L21_V01,10894,person,0.4131,6,0,289,832,428
803,L21_V01,10894,person,0.4122,6,0,0,906,442
804,L21_V01,10894,person,0.3624,6,0,337,827,301
805,L21_V01,10894,person,0.3576,6,0,1,907,637
806,L21_V01,10894,person,0.3339,6,568,522,259,198
807,L21_V01,10894,suitcase,0.3849,1,180,52,792,586
808,L21_V01,10894,cell phone,0.3303,1,180,52,792,586
809,L21_V01,10894,diningtable,0.3302,1,849,96,429,544
810,L21_V01,10938,person,0.9645,1,197,45,510,593
811,L21_V01,10938,tvmonitor,0.744,1,847,384,200,187
812,L21_V01,10938,chair,0.5288,1,79,559,137,79
813,L21_V01,10938,bottle,0.4487,1,821,492,28,58
814,L21_V01,10938,laptop,0.3196,1,846,383,201,216
815,L21_V01,10938,book,0.3183,1,733,587,102,44
816,L21_V01,10938,cup,0.3155,1,749,432,52,116
817,L21_V01,11110,clock,0.5313,6,313,391,27,31
818,L21_V01,11110,clock,0.4531,6,319,359,15,19
819,L21_V01,11110,clock,0.4176,6,308,316,20,28
820,L21_V01,11110,clock,0.4108,6,298,367,17,21
821,L21_V01,11110,clock,0.3356,6,306,466,27,35
822,L21_V01,11110,clock,0.3194,6,335,484,20,25
823,L21_V01,11110,bird,0.456,1,167,273,57,28
824,L21_V01,11110,apple,0.3919,1,492,482,23,30
825,L21_V01,11110,sports ball,0.3552,1,492,482,23,30
826,L21_V01,11475,person,0.58,3,72,244,104,102
827,L21_V01,11475,person,0.5555,3,1071,395,113,97
828,L21_V01,11475,person,0.3527,3,1034,394,153,244
829,L21_V01,11475,tvmonitor,0.5431,1,265,142,619,435
830,L21_V01,11475,pottedplant,0.4038,1,1028,456,159,183
831,L21_V01,11552,person,0.882,1,414,106,675,536
832,L21_V01,11552,cake,0.4297,1,209,564,410,73
833,L21_V01,11602,person,0.9004,14,0,326,367,311
834,L21_V01,11602,person,0.8813,14,567,250,275,286
835,L21_V01,11602,person,0.8737,14,946,204,173,268
836,L21_V01,11602,person,0.8239,14,401,56,180,201
837,L21_V01,11602,person,0.8183,14,792,72,115,170
838,L21_V01,11602,person,0.7841,14,1165,207,114,193
839,L21_V01,11602,person,0.757,14,0,34,183,259
840,L21_V01,11602,person,0.7011,14,905,92,105,125
841,L21_V01,11602,person,0.6814,14,664,82,159,292
842,L21_V01,11602,person,0.622,14,1006,92,129,119
843,L21_V01,11602,person,0.5165,14,1172,85,101,115
844,L21_V01,11602,person,0.4851,14,518,23,105,146
845,L21_V01,11602,person,0.4299,14,331,6,107,111
846,L21_V01,11602,person,0.3714,14,616,34,81,104
847,L21_V01,11602,bottle,0.8569,3,889,442,40,93
848,L21_V01,11602,bottle,0.7633,3,1233,361,28,70
849,L21_V01,11602,bottle,0.6897,3,716,495,35,91
850,L21_V01,11602,chair,0.8302,26,260,349,324,265
851,L21_V01,11602,chair,0.8284,26,265,115,156,148
852,L21_V01,11602,chair,0.6752,26,83,119,173,154
853,L21_V01,11602,chair,0.6011,26,102,61,147,83
854,L21_V01,11602,chair,0.5969,26,766,81,59,48
855,L21_V01,11602,chair,0.5584,26,880,129,65,58
856,L21_V01,11602,chair,0.5329,26,769,129,62,56
857,L21_V01,11602,chair,0.4767,26,804,51,61,30
858,L21_V01,11602,chair,0.4652,26,1056,267,91,150
859,L21_V01,11602,chair,0.4579,26,644,130,64,105
860,L21_V01,11602,chair,0.4321,26,315,36,52,80
861,L21_V01,11602,chair,0.4289,26,962,88,65,40
862,L21_V01,11602,chair,0.413,26,1237,132,42,58
863,L21_V01,11602,chair,0.4068,26,906,256,312,181
864,L21_V01,11602,chair,0.4002,26,986,128,54,39
865,L21_V01,11602,chair,0.388,26,1157,131,45,69
866,L21_V01,11602,chair,0.3689,26,1130,256,74,132
867,L21_V01,11602,chair,0.3667,26,495,324,328,244
868,L21_V01,11602,chair,0.3488,26,882,106,58,23
869,L21_V01,11602,chair,0.3402,26,496,324,159,209
870,L21_V01,11602,chair,0.3328,26,83,118,163,59
871,L21_V01,11602,chair,0.3273,26,1130,256,91,157
872,L21_V01,11602,chair,0.3268,26,9,14,106,42
873,L21_V01,11602,chair,0.3163,26,906,280,89,156
874,L21_V01,11602,chair,0.3135,26,253,55,66,68
875,L21_V01,11602,chair,0.31,26,603,106,95,133
876,L21_V01,11602,pottedplant,0.7883,1,577,486,149,137
877,L21_V01,11602,remote,0.495,1,1161,407,69,20
878,L21_V01,11602,cell phone,0.4373,1,1161,407,69,20
879,L21_V01,11602,tie,0.3634,1,968,168,23,44
880,L21_V01,11602,cup,0.3463,1,930,474,41,45
881,L21_V01,11602,book,0.3116,1,912,426,140,52
882,L21_V01,11602,bench,0.3019,1,904,267,375,369
883,L21_V01,11651,laptop,0.7755,1,0,0,1279,717
884,L21_V01,11651,cell phone,0.3912,1,0,0,1279,717
885,L21_V01,11651,tvmonitor,0.3045,1,0,0,1279,717
886,L21_V01,11697,person,0.9678,1,520,49,720,589
887,L21_V01,11697,diningtable,0.4037,1,484,421,268,77
888,L21_V01,11916,clock,0.5086,6,313,391,28,31
889,L21_V01,11916,clock,0.4671,6,39,302,114,208
890,L21_V01,11916,clock,0.4628,6,307,316,21,28
891,L21_V01,11916,clock,0.4307,6,298,367,18,23
892,L21_V01,11916,clock,0.3939,6,320,359,15,19
893,L21_V01,11916,clock,0.3797,6,306,466,28,36
894,L21_V01,11916,bird,0.3594,1,166,273,58,28
895,L21_V01,11916,apple,0.3554,1,492,483,23,29
896,L21_V01,11916,sports ball,0.3396,1,492,483,23,29
897,L21_V01,11917,clock,0.5104,6,313,391,28,31
898,L21_V01,11917,clock,0.4689,6,39,302,115,208
899,L21_V01,11917,clock,0.4656,6,307,316,21,28
900,L21_V01,11917,clock,0.4317,6,298,367,18,23
901,L21_V01,11917,clock,0.3953,6,320,359,15,19
902,L21_V01,11917,clock,0.3843,6,306,466,28,36
903,L21_V01,11917,bird,0.3581,1,166,273,58,28
904,L21_V01,11917,apple,0.3557,1,492,483,23,29
905,L21_V01,11917,sports ball,0.339,1,492,483,23,29
906,L21_V01,12052,laptop,0.8182,2,5,0,1279,719
907,L21_V01,12052,laptop,0.3507,2,4,0,1276,719
908,L21_V01,12052,cell phone,0.5688,1,5,0,1279,719
909,L21_V01,12052,person,0.4663,3,305,555,412,164
910,L21_V01,12052,person,0.3762,3,305,556,364,83
911,L21_V01,12052,person,0.3005,3,298,1,978,718
912,L21_V01,12052,tvmonitor,0.4055,2,5,0,1279,719
913,L21_V01,12052,tvmonitor,0.3926,2,4,0,1276,719
914,L21_V01,12147,person,0.9706,1,1,31,1084,612
915,L21_V01,12147,tvmonitor,0.5195,1,0,1,1062,639
916,L21_V01,12147,tie,0.3793,2,532,519,61,119
917,L21_V01,12147,tie,0.3231,2,485,519,109,200
918,L21_V01,12229,person,0.9432,5,725,288,274,325
919,L21_V01,12229,person,0.9029,5,589,208,193,333
920,L21_V01,12229,person,0.8909,5,1030,220,125,213
921,L21_V01,12229,person,0.8771,5,195,205,54,44
922,L21_V01,12229,person,0.851,5,512,167,42,44
923,L21_V01,12229,keyboard,0.9347,4,78,382,175,45
924,L21_V01,12229,keyboard,0.9064,4,356,348,136,36
925,L21_V01,12229,keyboard,0.9051,4,911,523,150,98
926,L21_V01,12229,keyboard,0.3238,4,539,322,72,26
927,L21_V01,12229,chair,0.9183,7,403,410,201,227
928,L21_V01,12229,chair,0.8915,7,103,425,215,212
929,L21_V01,12229,chair,0.882,7,955,418,101,71
930,L21_V01,12229,chair,0.8798,7,687,474,60,154
931,L21_V01,12229,chair,0.8252,7,614,357,162,166
932,L21_V01,12229,chair,0.3995,7,766,330,49,74
933,L21_V01,12229,chair,0.3123,7,309,404,91,149
934,L21_V01,12229,mouse,0.9066,6,824,575,61,33
935,L21_V01,12229,mouse,0.8312,6,267,389,30,15
936,L21_V01,12229,mouse,0.7012,6,491,349,28,12
937,L21_V01,12229,mouse,0.7003,6,634,314,25,10
938,L21_V01,12229,mouse,0.3541,6,623,327,16,9
939,L21_V01,12229,mouse,0.3493,6,667,317,21,6
940,L21_V01,12229,tvmonitor,0.8903,14,31,248,200,133
941,L21_V01,12229,tvmonitor,0.8836,14,314,230,140,114
942,L21_V01,12229,tvmonitor,0.8535,14,507,218,104,98
943,L21_V01,12229,tvmonitor,0.7502,14,1060,344,136,268
944,L21_V01,12229,tvmonitor,0.7108,14,444,209,115,99
945,L21_V01,12229,tvmonitor,0.6824,14,592,199,81,42
946,L21_V01,12229,tvmonitor,0.6432,14,0,238,167,70
947,L21_V01,12229,tvmonitor,0.5603,14,654,229,56,78
948,L21_V01,12229,tvmonitor,0.4519,14,1181,359,98,221
949,L21_V01,12229,tvmonitor,0.3595,14,762,239,30,69
950,L21_V01,12229,tvmonitor,0.3305,14,657,232,135,77
951,L21_V01,12229,tvmonitor,0.328,14,213,225,146,157
952,L21_V01,12229,tvmonitor,0.3181,14,1062,343,134,268
953,L21_V01,12229,tvmonitor,0.3112,14,232,273,87,110
954,L21_V01,12229,laptop,0.3301,1,539,322,72,26
955,L21_V01,12303,person,0.9189,2,174,192,250,202
956,L21_V01,12303,person,0.8396,2,934,148,138,147
957,L21_V01,12303,chair,0.7822,1,777,403,101,120
958,L21_V01,12303,tvmonitor,0.7657,2,851,293,345,213
959,L21_V01,12303,tvmonitor,0.4276,2,502,329,263,306
960,L21_V01,12303,laptop,0.577,3,502,329,263,306
961,L21_V01,12303,laptop,0.5695,3,0,392,506,246
962,L21_V01,12303,laptop,0.3453,3,738,539,146,75
963,L21_V01,12303,book,0.4705,1,738,539,146,75
964,L21_V01,12376,laptop,0.9394,1,0,0,1279,719
965,L21_V01,12478,person,0.9308,1,466,52,705,666
966,L21_V01,12574,person,0.8726,1,285,37,919,681
967,L21_V01,12574,cup,0.3468,1,131,556,119,82
968,L21_V01,12764,person,0.968,1,380,0,899,638
969,L21_V01,12764,cell phone,0.8453,2,417,159,113,164
970,L21_V01,12764,cell phone,0.3511,2,1205,252,74,200
971,L21_V01,12764,book,0.3039,1,0,73,149,363
972,L21_V01,12765,person,0.9697,1,377,0,902,638
973,L21_V01,12765,cell phone,0.797,2,413,160,114,163
974,L21_V01,12765,cell phone,0.4107,2,1205,252,74,200
975,L21_V01,12844,person,0.94,2,76,-4,588,639
976,L21_V01,12844,person,0.9252,2,492,-1,778,642
977,L21_V01,12844,tie,0.7155,2,819,594,60,125
978,L21_V01,12844,tie,0.3057,2,824,594,56,45
979,L21_V01,12844,chair,0.4824,1,1020,340,260,299
980,L21_V01,12914,person,0.8804,4,404,138,538,420
981,L21_V01,12914,person,0.8683,4,891,0,388,639
982,L21_V01,12914,person,0.8295,4,84,132,414,506
983,L21_V01,12914,person,0.336,4,390,135,573,583
984,L21_V01,12914,tie,0.3642,1,587,510,37,47
985,L21_V01,12987,laptop,0.9017,2,44,214,633,407
986,L21_V01,12987,laptop,0.3755,2,44,214,1098,422
987,L21_V01,12987,person,0.8782,1,610,220,668,373
988,L21_V01,12987,book,0.808,8,965,33,141,272
989,L21_V01,12987,book,0.7121,8,1105,33,145,271
990,L21_V01,12987,book,0.5357,8,1039,35,69,271
991,L21_V01,12987,book,0.5076,8,873,151,61,149
992,L21_V01,12987,book,0.4997,8,928,156,41,146
993,L21_V01,12987,book,0.4555,8,1182,36,69,248
994,L21_V01,12987,book,0.3781,8,873,152,97,150
995,L21_V01,12987,book,0.353,8,1222,0,55,263
996,L21_V01,12987,cup,0.6423,2,757,433,120,123
997,L21_V01,12987,cup,0.4709,2,663,464,101,92
998,L21_V01,12987,cell phone,0.4422,1,638,102,108,143
999,L21_V01,12987,tvmonitor,0.4321,1,46,216,628,404
1000,L21_V01,13074,person,0.9207,3,696,5,584,679
1001,L21_V01,13074,person,0.9161,3,0,54,509,657
1002,L21_V01,13074,person,0.725,3,1113,0,166,147
1003,L21_V01,13074,cell phone,0.7868,2,698,485,43,70
1004,L21_V01,13074,cell phone,0.3047,2,709,608,44,30
1005,L21_V01,13074,laptop,0.439,1,474,435,257,175
1006,L21_V01,13074,tvmonitor,0.4,2,473,435,264,174
1007,L21_V01,13074,tvmonitor,0.3162,2,474,435,257,175
1008,L21_V01,13074,book,0.3698,3,897,401,61,116
1009,L21_V01,13074,book,0.3083,3,861,422,41,112
1010,L21_V01,13074,book,0.3075,3,918,406,41,111
1011,L21_V01,13141,person,0.9417,20,151,141,253,442
1012,L21_V01,13141,person,0.9216,20,636,132,202,402
1013,L21_V01,13141,person,0.9079,20,916,90,180,367
1014,L21_V01,13141,person,0.8838,20,319,138,207,454
1015,L21_V01,13141,person,0.88,20,454,148,180,364
1016,L21_V01,13141,person,0.8342,20,797,134,130,307
1017,L21_V01,13141,person,0.8054,20,50,109,167,379
1018,L21_V01,13141,person,0.7648,20,1088,137,182,241
1019,L21_V01,13141,person,0.6802,20,0,70,118,459
1020,L21_V01,13141,person,0.6056,20,581,183,84,307
1021,L21_V01,13141,person,0.5429,20,1056,179,45,70
1022,L21_V01,13141,person,0.4891,20,182,211,55,82
1023,L21_V01,13141,person,0.4701,20,638,173,59,88
1024,L21_V01,13141,person,0.4495,20,1249,148,30,170
1025,L21_V01,13141,person,0.4419,20,442,179,53,77
1026,L21_V01,13141,person,0.4127,20,581,184,82,171
1027,L21_V01,13141,person,0.3708,20,1086,162,38,84
1028,L21_V01,13141,person,0.3624,20,1085,135,184,361
1029,L21_V01,13141,person,0.3585,20,193,181,49,107
1030,L21_V01,13141,person,0.3345,20,915,171,37,61
1031,L21_V01,13197,person,0.96,13,508,71,499,566
1032,L21_V01,13197,person,0.9533,13,0,113,360,604
1033,L21_V01,13197,person,0.9449,13,153,58,474,579
1034,L21_V01,13197,person,0.9038,13,989,156,263,483
1035,L21_V01,13197,person,0.8738,13,855,155,162,419
1036,L21_V01,13197,person,0.8466,13,627,206,75,126
1037,L21_V01,13197,person,0.8021,13,77,207,48,113
1038,L21_V01,13197,person,0.6088,13,2,219,85,132
1039,L21_V01,13197,person,0.5318,13,565,196,106,199
1040,L21_V01,13197,person,0.5243,13,39,218,50,111
1041,L21_V01,13197,person,0.5028,13,0,204,87,148
1042,L21_V01,13197,person,0.4943,13,0,189,42,163
1043,L21_V01,13197,person,0.3448,13,509,57,160,342
1044,L21_V01,13197,tie,0.8598,3,429,418,50,219
1045,L21_V01,13197,tie,0.3921,3,47,294,21,35
1046,L21_V01,13197,tie,0.3283,3,147,431,45,79
1047,L21_V01,13197,tvmonitor,0.4121,1,944,223,92,62
1048,L21_V01,13254,laptop,0.9179,1,75,92,1004,546
1049,L21_V01,13254,person,0.5774,5,0,0,689,635
1050,L21_V01,13254,person,0.5388,5,654,0,626,383
1051,L21_V01,13254,person,0.4549,5,0,100,693,535
1052,L21_V01,13254,person,0.3617,5,29,1,725,634
1053,L21_V01,13254,person,0.3278,5,101,0,642,98
1054,L21_V01,13254,cell phone,0.4747,1,510,238,149,104
1055,L21_V01,13254,tvmonitor,0.3454,1,72,91,1001,548
1056,L21_V01,13255,laptop,0.9221,1,93,90,990,549
1057,L21_V01,13255,person,0.8993,3,0,29,733,606
1058,L21_V01,13255,person,0.7013,3,656,0,624,379
1059,L21_V01,13255,person,0.3695,3,104,0,639,97
1060,L21_V01,13300,laptop,0.3831,2,351,314,236,178
1061,L21_V01,13300,laptop,0.3495,2,352,309,288,185
1062,L21_V01,13301,laptop,0.3626,1,352,315,237,178
1063,L21_V01,13301,mouse,0.3105,1,19,89,88,82
1064,L21_V01,13344,aeroplane,0.824,2,71,69,1117,433
1065,L21_V01,13344,aeroplane,0.4816,2,73,67,1115,561
1066,L21_V01,13344,bottle,0.3911,1,518,432,91,87
1067,L21_V01,13421,aeroplane,0.729,1,1,0,1279,637
1068,L21_V01,13487,person,0.9737,1,648,70,514,567
1069,L21_V01,13487,tie,0.9092,1,846,340,56,195
1070,L21_V01,13487,cell phone,0.4324,1,789,602,141,34
1071,L21_V01,13488,person,0.9736,1,648,70,515,567
1072,L21_V01,13488,tie,0.9071,1,845,340,56,195
1073,L21_V01,13488,cell phone,0.4048,1,787,602,142,34
1074,L21_V01,13488,book,0.3056,1,787,617,146,22
1075,L21_V01,13726,person,0.8534,4,380,275,96,232
1076,L21_V01,13726,person,0.8307,4,663,299,131,337
1077,L21_V01,13726,person,0.6149,4,471,295,93,192
1078,L21_V01,13726,person,0.3077,4,660,345,56,182
1079,L21_V01,13726,motorbike,0.8046,1,303,339,290,184
1080,L21_V01,13726,dog,0.3419,1,622,354,72,75
1081,L21_V01,13808,snowboard,0.4308,1,251,558,926,80
1082,L21_V01,13808,boat,0.3382,2,359,0,919,565
1083,L21_V01,13808,boat,0.3332,2,1,0,1279,636
1084,L21_V01,13887,person,0.9499,4,761,323,363,242
1085,L21_V01,13887,person,0.9485,4,195,286,246,273
1086,L21_V01,13887,person,0.9292,4,425,322,187,174
1087,L21_V01,13887,person,0.9143,4,532,282,150,165
1088,L21_V01,13887,chair,0.8885,4,99,469,99,117
1089,L21_V01,13887,chair,0.8814,4,339,370,114,139
1090,L21_V01,13887,chair,0.7615,4,1218,411,61,227
1091,L21_V01,13887,chair,0.3144,4,1005,690,140,29
1092,L21_V01,13887,book,0.4139,1,730,514,118,29
1093,L21_V01,13887,tvmonitor,0.3192,1,1255,308,24,95
1094,L21_V01,13971,person,0.9597,3,373,172,397,387
1095,L21_V01,13971,person,0.8798,3,0,70,117,269
1096,L21_V01,13971,person,0.8508,3,56,15,187,462
1097,L21_V01,13971,chair,0.9204,4,865,463,301,109
1098,L21_V01,13971,chair,0.5709,4,0,336,99,166
1099,L21_V01,13971,chair,0.3468,4,707,338,55,96
1100,L21_V01,13971,chair,0.3085,4,0,381,93,121
1101,L21_V01,13971,cell phone,0.6832,1,299,690,91,22
1102,L21_V01,13971,tvmonitor,0.6149,2,375,242,121,81
1103,L21_V01,13971,tvmonitor,0.3932,2,322,214,62,29
1104,L21_V01,13971,diningtable,0.5621,1,2,442,1274,195
1105,L21_V01,13971,remote,0.5552,1,0,258,37,28
1106,L21_V01,13971,book,0.447,6,1166,352,113,37
1107,L21_V01,13971,book,0.3748,6,1171,372,108,17
1108,L21_V01,13971,book,0.3388,6,1170,349,110,25
1109,L21_V01,13971,book,0.332,6,1176,325,103,35
1110,L21_V01,13971,book,0.3306,6,1188,332,90,22
1111,L21_V01,13971,book,0.3171,6,276,502,226,59
1112,L21_V01,14036,person,0.9621,3,24,71,526,481
1113,L21_V01,14036,person,0.9597,3,500,158,444,393
1114,L21_V01,14036,person,0.9486,3,870,119,324,344
1115,L21_V01,14036,chair,0.8685,2,545,260,100,129
1116,L21_V01,14036,chair,0.3449,2,367,434,148,66
1117,L21_V01,14036,diningtable,0.5433,2,0,448,1279,193
1118,L21_V01,14036,diningtable,0.3054,2,2,449,1279,269
1119,L21_V01,14036,tvmonitor,0.3491,1,1203,0,75,484
1120,L21_V01,14131,person,0.9513,7,143,270,262,292
1121,L21_V01,14131,person,0.9416,7,749,310,348,328
1122,L21_V01,14131,person,0.9333,7,400,309,179,184
1123,L21_V01,14131,person,0.9256,7,1049,119,163,519
1124,L21_V01,14131,person,0.9208,7,499,271,134,170
1125,L21_V01,14131,person,0.9204,7,776,189,128,277
1126,L21_V01,14131,person,0.84,7,1185,158,94,481
1127,L21_V01,14131,chair,0.8936,2,43,461,104,121
1128,L21_V01,14131,chair,0.7817,2,293,362,119,142
1129,L21_V01,14131,diningtable,0.6793,1,2,425,912,211
1130,L21_V01,14131,book,0.3271,1,684,512,201,41
1131,L21_V01,14187,person,0.9364,2,682,273,102,278
1132,L21_V01,14187,person,0.9082,2,569,276,102,293
1133,L21_V01,14187,tennis racket,0.3859,1,571,383,36,28
1134,L21_V01,14187,car,0.3449,1,437,311,62,46
1135,L21_V01,14346,person,0.9691,9,687,76,491,563
1136,L21_V01,14346,person,0.9407,9,418,201,109,295
1137,L21_V01,14346,person,0.9231,9,500,193,89,303
1138,L21_V01,14346,person,0.9196,9,258,180,102,316
1139,L21_V01,14346,person,0.9166,9,347,196,86,299
1140,L21_V01,14346,person,0.9089,9,562,208,88,288
1141,L21_V01,14346,person,0.9033,9,52,156,91,340
1142,L21_V01,14346,person,0.8942,9,208,167,87,328
1143,L21_V01,14346,person,0.8669,9,130,175,117,320
1144,L21_V01,14346,tie,0.8914,1,891,346,50,174
1145,L21_V01,14346,book,0.5054,1,793,513,164,97
1146,L21_V01,14637,person,0.9438,8,180,390,187,329
1147,L21_V01,14637,person,0.9411,8,935,380,183,337
1148,L21_V01,14637,person,0.9348,8,764,395,157,323
1149,L21_V01,14637,person,0.9279,8,516,410,143,308
1150,L21_V01,14637,person,0.9158,8,642,400,133,319
1151,L21_V01,14637,person,0.6092,8,316,395,188,325
1152,L21_V01,14637,person,0.5249,8,320,395,184,243
1153,L21_V01,14637,person,0.3069,8,224,690,118,29
1154,L21_V01,14637,frisbee,0.6327,1,225,579,114,40
1155,L21_V01,14637,backpack,0.3492,1,649,476,119,65
1156,L21_V01,14911,person,0.9439,3,652,217,249,346
1157,L21_V01,14911,person,0.7951,3,409,201,242,363
1158,L21_V01,14911,person,0.3759,3,401,200,250,515
1159,L21_V01,14911,bottle,0.4422,1,44,75,52,76
1160,L21_V01,14911,pottedplant,0.3403,2,1149,535,131,104
1161,L21_V01,14911,pottedplant,0.3311,2,1133,526,147,192
1162,L21_V01,14911,tvmonitor,0.3192,1,5,146,133,139
1163,L21_V01,15018,person,0.9452,9,592,148,223,570
1164,L21_V01,15018,person,0.9367,9,265,107,208,533
1165,L21_V01,15018,person,0.9312,9,3,98,228,542
1166,L21_V01,15018,person,0.9167,9,160,84,186,556
1167,L21_V01,15018,person,0.8997,9,891,160,214,485
1168,L21_V01,15018,person,0.8858,9,443,136,175,504
1169,L21_V01,15018,person,0.8764,9,1096,156,183,512
1170,L21_V01,15018,person,0.8647,9,762,131,180,569
1171,L21_V01,15018,person,0.364,9,0,189,74,450
1172,L21_V01,15194,person,0.9476,8,0,168,279,469
1173,L21_V01,15194,person,0.9373,8,955,227,173,284
1174,L21_V01,15194,person,0.9345,8,270,204,285,432
1175,L21_V01,15194,person,0.919,8,783,232,118,387
1176,L21_V01,15194,person,0.9173,8,688,243,122,319
1177,L21_V01,15194,person,0.8927,8,488,222,149,409
1178,L21_V01,15194,person,0.8804,8,591,224,134,363
1179,L21_V01,15194,person,0.8277,8,1155,220,124,378
1180,L21_V01,15194,chair,0.7264,5,884,400,27,71
1181,L21_V01,15194,chair,0.3934,5,238,415,50,65
1182,L21_V01,15194,chair,0.3546,5,239,415,53,178
1183,L21_V01,15194,chair,0.3094,5,964,405,21,69
1184,L21_V01,15194,chair,0.3001,5,256,497,36,98
1185,L21_V01,15194,tie,0.5202,3,573,340,59,243
1186,L21_V01,15194,tie,0.3681,3,583,337,52,249
1187,L21_V01,15194,tie,0.335,3,567,342,50,232
1188,L21_V01,15194,cell phone,0.3418,1,1029,512,118,21
1189,L21_V01,15194,book,0.3289,2,1099,407,111,50
1190,L21_V01,15194,book,0.3141,2,983,386,117,27
1191,L21_V01,15265,person,0.9618,3,108,72,553,567
1192,L21_V01,15265,person,0.9493,3,731,57,520,583
1193,L21_V01,15265,person,0.3239,3,0,93,53,625
1194,L21_V01,15265,laptop,0.9274,1,233,546,375,93
1195,L21_V01,15265,cell phone,0.3213,1,301,624,55,15
1196,L21_V01,15298,person,0.9467,3,0,98,476,620
1197,L21_V01,15298,person,0.9224,3,924,112,350,527
1198,L21_V01,15298,person,0.8542,3,473,93,404,546
1199,L21_V01,15376,person,0.9648,2,0,93,482,544
1200,L21_V01,15376,person,0.9564,2,538,55,492,584
1201,L21_V01,15437,person,0.8881,1,0,280,324,356
1202,L21_V01,15437,remote,0.5777,1,71,0,1072,635
1203,L21_V01,15437,cell phone,0.5211,2,71,0,1072,635
1204,L21_V01,15437,cell phone,0.3443,2,1,0,1151,637
1205,L21_V01,15437,laptop,0.3829,2,1,0,1151,637
1206,L21_V01,15437,laptop,0.323,2,71,0,1072,635
1207,L21_V01,15498,cell phone,0.9563,6,754,154,266,253
1208,L21_V01,15498,cell phone,0.9548,6,617,111,210,223
1209,L21_V01,15498,cell phone,0.9116,6,521,38,196,212
1210,L21_V01,15498,cell phone,0.9063,6,187,5,179,148
1211,L21_V01,15498,cell phone,0.8778,6,298,16,191,139
1212,L21_V01,15498,cell phone,0.8481,6,393,38,192,124
1213,L21_V01,15498,book,0.7435,1,1,135,561,502
1214,L21_V01,15498,diningtable,0.3678,1,0,2,1279,639
1215,L21_V01,15569,person,0.9589,2,879,224,399,415
1216,L21_V01,15569,person,0.9457,2,0,238,348,400
1217,L21_V01,15569,bench,0.6286,2,244,346,788,157
1218,L21_V01,15569,bench,0.3317,2,245,343,1034,195
1219,L21_V01,15569,laptop,0.5537,1,795,542,220,53
1220,L21_V01,15569,chair,0.309,1,595,542,161,95
1221,L21_V01,15569,cell phone,0.3075,1,795,555,54,23
1222,L21_V01,15639,person,0.9587,1,0,26,867,611
1223,L21_V01,15639,diningtable,0.6075,2,818,428,461,213
1224,L21_V01,15639,diningtable,0.5135,2,590,366,364,193
1225,L21_V01,15639,bench,0.4926,8,594,144,621,302
1226,L21_V01,15639,bench,0.4692,8,590,366,364,193
1227,L21_V01,15639,bench,0.4501,8,-4,108,1253,530
1228,L21_V01,15639,bench,0.4394,8,-1,106,1223,389
1229,L21_V01,15639,bench,0.3997,8,0,108,333,289
1230,L21_V01,15639,bench,0.395,8,818,428,461,213
1231,L21_V01,15639,bench,0.3886,8,588,142,629,411
1232,L21_V01,15639,bench,0.378,8,0,109,333,241
1233,L21_V01,15639,cup,0.3047,1,111,689,188,30
1234,L21_V01,15690,person,0.9604,1,542,38,582,679
1235,L21_V01,15690,chair,0.8968,2,942,261,235,377
1236,L21_V01,15690,chair,0.6649,2,0,207,394,232
1237,L21_V01,15690,diningtable,0.725,4,0,312,657,297
1238,L21_V01,15690,diningtable,0.6472,4,0,558,547,80
1239,L21_V01,15690,diningtable,0.3513,4,0,558,546,159
1240,L21_V01,15690,diningtable,0.3168,4,0,313,655,169
1241,L21_V01,15690,toothbrush,0.5207,1,596,532,52,106
1242,L21_V01,15690,bench,0.4316,1,1,285,1176,353
1243,L21_V01,15690,scissors,0.3562,1,596,532,52,106
1244,L21_V01,15741,person,0.9684,2,740,132,527,506
1245,L21_V01,15741,person,0.938,2,93,161,336,327
1246,L21_V01,15741,bench,0.7259,8,242,225,413,117
1247,L21_V01,15741,bench,0.4534,8,738,251,541,164
1248,L21_V01,15741,bench,0.415,8,740,251,231,115
1249,L21_V01,15741,bench,0.393,8,301,305,260,108
1250,L21_V01,15741,bench,0.3765,8,739,250,538,349
1251,L21_V01,15741,bench,0.3746,8,1081,265,198,157
1252,L21_V01,15741,bench,0.3744,8,505,332,466,101
1253,L21_V01,15741,bench,0.3237,8,241,226,413,184
1254,L21_V01,15741,chair,0.6523,4,58,266,106,233
1255,L21_V01,15741,chair,0.4503,4,0,295,104,215
1256,L21_V01,15741,chair,0.3969,4,0,298,82,212
1257,L21_V01,15741,chair,0.3447,4,0,266,161,244
1258,L21_V01,15741,diningtable,0.3482,1,1,392,932,247
1259,L21_V01,15826,person,0.9694,1,686,71,506,566
1260,L21_V01,15826,tie,0.8907,1,872,346,57,211
1261,L21_V01,15826,cell phone,0.6202,2,844,603,133,23
1262,L21_V01,15826,cell phone,0.3,2,842,621,143,18
1263,L21_V01,15827,person,0.9703,1,686,71,506,566
1264,L21_V01,15827,tie,0.8884,1,873,346,57,212
1265,L21_V01,15827,cell phone,0.4644,2,846,597,132,20
1266,L21_V01,15827,cell phone,0.325,2,844,597,145,41
1267,L21_V01,16263,person,0.9296,2,508,0,438,641
1268,L21_V01,16263,person,0.374,2,333,349,277,288
1269,L21_V01,16263,car,0.361,1,333,0,609,637
1270,L21_V01,16263,truck,0.3251,1,333,0,609,637
1271,L21_V01,16264,person,0.9228,2,507,0,439,640
1272,L21_V01,16264,person,0.5424,2,330,371,281,267
1273,L21_V01,16393,person,0.6046,3,392,0,555,564
1274,L21_V01,16393,person,0.495,3,324,1,621,716
1275,L21_V01,16393,person,0.3152,3,327,1,618,716
1276,L21_V01,16393,laptop,0.312,1,937,0,341,388
1277,L21_V01,16459,person,0.9245,11,615,174,264,387
1278,L21_V01,16459,person,0.5436,11,591,157,107,184
1279,L21_V01,16459,person,0.5301,11,488,402,289,161
1280,L21_V01,16459,person,0.5175,11,452,228,324,334
1281,L21_V01,16459,person,0.4915,11,454,228,175,230
1282,L21_V01,16459,person,0.4698,11,332,177,151,384
1283,L21_V01,16459,person,0.427,11,453,228,178,284
1284,L21_V01,16459,person,0.4153,11,455,182,89,62
1285,L21_V01,16459,person,0.4053,11,333,181,144,330
1286,L21_V01,16459,person,0.3065,11,455,228,171,181
1287,L21_V01,16459,person,0.3006,11,567,157,129,259
1288,L21_V01,16459,truck,0.6214,3,594,0,350,431
1289,L21_V01,16459,truck,0.3548,3,372,113,571,423
1290,L21_V01,16459,truck,0.3067,3,374,116,568,313
1291,L21_V01,16459,refrigerator,0.3793,1,938,0,341,637
1292,L21_V01,16459,car,0.3595,4,373,118,368,218
1293,L21_V01,16459,car,0.342,4,372,113,571,423
1294,L21_V01,16459,car,0.3081,4,374,117,367,134
1295,L21_V01,16459,car,0.3008,4,374,116,568,313
1296,L21_V01,16541,person,0.8979,9,334,160,292,403
1297,L21_V01,16541,person,0.7933,9,774,145,169,416
1298,L21_V01,16541,person,0.6322,9,583,302,306,261
1299,L21_V01,16541,person,0.5521,9,567,158,64,75
1300,L21_V01,16541,person,0.5094,9,583,302,309,418
1301,L21_V01,16541,person,0.4902,9,564,230,105,93
1302,L21_V01,16541,person,0.3612,9,539,230,131,124
1303,L21_V01,16541,person,0.3553,9,755,152,143,275
1304,L21_V01,16541,person,0.3368,9,756,267,110,159
1305,L21_V01,16541,truck,0.6025,1,334,88,489,272
1306,L21_V01,16541,car,0.3422,2,335,88,486,266
1307,L21_V01,16541,car,0.3286,2,336,88,483,221
1308,L21_V01,16719,person,0.9271,12,732,164,157,180
1309,L21_V01,16719,person,0.8921,12,694,183,70,172
1310,L21_V01,16719,person,0.8777,12,463,184,174,368
1311,L21_V01,16719,person,0.7964,12,333,272,194,364
1312,L21_V01,16719,person,0.6359,12,373,182,152,152
1313,L21_V01,16719,person,0.4265,12,0,1,351,640
1314,L21_V01,16719,person,0.417,12,816,352,127,123
1315,L21_V01,16719,person,0.411,12,861,296,81,77
1316,L21_V01,16719,person,0.3824,12,411,182,98,94
1317,L21_V01,16719,person,0.3716,12,845,351,98,66
1318,L21_V01,16719,person,0.33,12,817,350,126,280
1319,L21_V01,16719,person,0.3068,12,332,190,31,105
1320,L21_V01,16719,truck,0.9144,3,503,98,271,211
1321,L21_V01,16719,truck,0.5593,3,334,36,174,238
1322,L21_V01,16719,truck,0.4363,3,847,188,76,43
1323,L21_V01,16719,car,0.6914,1,848,188,75,43
1324,L21_V01,16719,bed,0.5261,1,441,331,445,305
1325,L21_V01,16985,person,0.9697,1,693,72,504,565
1326,L21_V01,16985,tie,0.9039,1,877,344,57,202
1327,L21_V01,16985,cell phone,0.8514,1,823,578,155,53
1328,L21_V01,16986,person,0.97,1,695,72,504,565
1329,L21_V01,16986,tie,0.9005,1,879,344,56,205
1330,L21_V01,16986,cell phone,0.8161,1,823,578,155,54
1331,L21_V01,17261,person,0.9065,5,467,204,341,515
1332,L21_V01,17261,person,0.8976,5,388,99,199,514
1333,L21_V01,17261,person,0.8695,5,543,110,93,113
1334,L21_V01,17261,person,0.8179,5,351,121,121,413
1335,L21_V01,17261,person,0.3057,5,984,240,104,145
1336,L21_V01,17261,handbag,0.7617,1,529,331,274,220
1337,L21_V01,17261,backpack,0.3994,1,527,330,279,223
1338,L21_V01,17262,person,0.9014,4,372,98,213,513
1339,L21_V01,17262,person,0.874,4,468,201,345,438
1340,L21_V01,17262,person,0.8481,4,549,110,100,113
1341,L21_V01,17262,person,0.5678,4,355,125,118,409
1342,L21_V01,17262,handbag,0.4574,1,535,331,265,223
1343,L21_V01,17348,person,0.8997,4,386,178,227,342
1344,L21_V01,17348,person,0.8911,4,470,252,277,311
1345,L21_V01,17348,person,0.8658,4,741,180,140,189
1346,L21_V01,17348,person,0.3064,4,551,253,143,197
1347,L21_V01,17348,bench,0.4232,1,248,558,929,80
1348,L21_V01,17348,backpack,0.4195,2,392,266,69,112
1349,L21_V01,17348,backpack,0.3048,2,778,264,103,107
1350,L21_V01,17348,handbag,0.3747,2,602,363,85,60
1351,L21_V01,17348,handbag,0.3589,2,710,350,110,93
1352,L21_V01,17419,person,0.9124,1,2,70,719,566
1353,L21_V01,17419,cell phone,0.3435,1,582,341,93,18
1354,L21_V01,17522,person,0.9239,1,222,34,405,528
1355,L21_V01,17522,snowboard,0.863,1,246,556,940,82
1356,L21_V01,17633,person,0.9091,3,570,264,270,375
1357,L21_V01,17633,person,0.4144,3,740,228,109,409
1358,L21_V01,17633,person,0.3248,3,756,226,95,172
1359,L21_V01,17633,frisbee,0.6776,1,746,266,105,66
1360,L21_V01,17633,dog,0.3957,1,595,552,114,87
1361,L21_V01,17633,umbrella,0.3921,1,746,266,105,66
1362,L21_V01,17793,person,0.9356,11,159,259,104,257
1363,L21_V01,17793,person,0.935,11,256,249,116,268
1364,L21_V01,17793,person,0.9305,11,435,260,110,258
1365,L21_V01,17793,person,0.9267,11,1013,249,106,370
1366,L21_V01,17793,person,0.9209,11,536,263,103,256
1367,L21_V01,17793,person,0.9103,11,345,302,101,215
1368,L21_V01,17793,person,0.9102,11,906,262,121,341
1369,L21_V01,17793,person,0.8952,11,701,280,89,297
1370,L21_V01,17793,person,0.8906,11,632,275,75,245
1371,L21_V01,17793,person,0.8856,11,747,280,126,309
1372,L21_V01,17793,person,0.8665,11,833,239,97,349
1373,L21_V01,17793,handbag,0.4838,2,342,350,38,99
1374,L21_V01,17793,handbag,0.3329,2,343,392,33,56
1375,L21_V01,17793,chair,0.4659,1,390,598,91,41
1376,L21_V01,17793,frisbee,0.3795,1,700,349,78,58
1377,L21_V01,17794,person,0.9356,11,159,259,104,257
1378,L21_V01,17794,person,0.9348,11,256,249,116,268
1379,L21_V01,17794,person,0.9305,11,435,260,110,258
1380,L21_V01,17794,person,0.9264,11,1014,249,106,370
1381,L21_V01,17794,person,0.9208,11,536,263,103,256
1382,L21_V01,17794,person,0.91,11,345,302,101,215
1383,L21_V01,17794,person,0.9097,11,906,262,122,341
1384,L21_V01,17794,person,0.8948,11,701,280,89,297
1385,L21_V01,17794,person,0.8904,11,632,275,75,245
1386,L21_V01,17794,person,0.8874,11,747,280,126,309
1387,L21_V01,17794,person,0.8658,11,833,239,97,349
1388,L21_V01,17794,handbag,0.4871,2,342,350,38,99
1389,L21_V01,17794,handbag,0.3364,2,343,392,33,56
1390,L21_V01,17794,chair,0.4639,1,391,598,91,41
1391,L21_V01,17794,frisbee,0.3986,1,700,349,78,58
1392,L21_V01,17827,person,0.9613,2,313,178,361,456
1393,L21_V01,17827,person,0.7552,2,313,179,361,456
1394,L21_V01,17827,tie,0.8703,1,460,367,39,137
1395,L21_V01,17827,cell phone,0.8345,1,429,541,104,36
1396,L21_V01,17827,boat,0.6515,5,548,216,55,20
1397,L21_V01,17827,boat,0.5597,5,632,214,48,20
1398,L21_V01,17827,boat,0.4168,5,81,228,45,19
1399,L21_V01,17827,boat,0.3337,5,82,236,42,12
1400,L21_V01,17827,boat,0.3213,5,503,185,35,12
1401,L21_V01,17828,person,0.9629,1,313,178,361,457
1402,L21_V01,17828,tie,0.8694,1,460,367,39,137
1403,L21_V01,17828,cell phone,0.7864,1,429,541,104,36
1404,L21_V01,17828,boat,0.6539,5,548,216,55,20
1405,L21_V01,17828,boat,0.5595,5,632,214,48,20
1406,L21_V01,17828,boat,0.4167,5,81,228,45,19
1407,L21_V01,17828,boat,0.3329,5,82,236,42,12
1408,L21_V01,17828,boat,0.3213,5,503,185,35,12
1409,L21_V01,18867,person,0.956,1,403,64,546,573
1410,L21_V01,18867,tie,0.8841,1,626,370,62,228
1411,L21_V01,18867,cell phone,0.4301,1,476,576,194,62
1412,L21_V01,19244,person,0.9667,1,888,130,358,407
1413,L21_V01,19244,tie,0.8473,1,1035,335,39,159
1414,L21_V01,19244,cell phone,0.4352,1,1007,516,110,20
1415,L21_V01,19322,person,0.9608,2,898,131,349,407
1416,L21_V01,19322,person,0.9194,2,341,122,512,416
1417,L21_V01,19322,tie,0.8662,2,1043,334,43,158
1418,L21_V01,19322,tie,0.6435,2,427,518,69,19
1419,L21_V01,19322,car,0.4896,1,869,362,53,64
1420,L21_V01,19487,person,0.9639,18,900,129,345,409
1421,L21_V01,19487,person,0.7786,18,176,499,14,36
1422,L21_V01,19487,person,0.7022,18,192,504,12,31
1423,L21_V01,19487,person,0.6555,18,119,499,15,37
1424,L21_V01,19487,person,0.6171,18,393,499,10,28
1425,L21_V01,19487,person,0.5593,18,93,499,15,37
1426,L21_V01,19487,person,0.4903,18,46,499,18,37
1427,L21_V01,19487,person,0.4418,18,279,482,9,17
1428,L21_V01,19487,person,0.4354,18,62,500,20,36
1429,L21_V01,19487,person,0.4198,18,100,498,13,37
1430,L21_V01,19487,person,0.4102,18,106,498,14,37
1431,L21_V01,19487,person,0.3585,18,70,485,9,17
1432,L21_V01,19487,person,0.3557,18,707,503,12,27
1433,L21_V01,19487,person,0.3441,18,285,482,7,17
1434,L21_V01,19487,person,0.3323,18,705,485,17,44
1435,L21_V01,19487,person,0.3157,18,297,483,9,17
1436,L21_V01,19487,person,0.3077,18,294,483,8,17
1437,L21_V01,19487,person,0.3057,18,113,499,12,37
1438,L21_V01,19487,tie,0.8659,1,1041,332,42,154
1439,L21_V01,19487,car,0.8599,13,467,511,69,26
1440,L21_V01,19487,car,0.6568,13,560,480,42,17
1441,L21_V01,19487,car,0.6168,13,639,484,43,29
1442,L21_V01,19487,car,0.5133,13,250,436,52,20
1443,L21_V01,19487,car,0.4915,13,540,485,30,15
1444,L21_V01,19487,car,0.4883,13,510,485,36,21
1445,L21_V01,19487,car,0.428,13,677,484,47,45
1446,L21_V01,19487,car,0.4209,13,678,502,42,28
1447,L21_V01,19487,car,0.3795,13,251,440,31,16
1448,L21_V01,19487,car,0.3738,13,483,486,62,23
1449,L21_V01,19487,car,0.3388,13,399,482,84,29
1450,L21_V01,19487,car,0.3023,13,741,483,43,27
1451,L21_V01,19487,car,0.3011,13,829,507,23,29
1452,L21_V01,19487,truck,0.3476,1,677,484,47,45
1453,L21_V01,19514,person,0.6461,8,588,522,7,18
1454,L21_V01,19514,person,0.4817,8,79,570,32,49
1455,L21_V01,19514,person,0.473,8,508,488,9,20
1456,L21_V01,19514,person,0.4109,8,9,560,25,57
1457,L21_V01,19514,person,0.398,8,18,563,24,55
1458,L21_V01,19514,person,0.3174,8,612,502,8,15
1459,L21_V01,19514,person,0.3108,8,6,561,20,54
1460,L21_V01,19514,person,0.3104,8,108,571,24,46
1461,L21_V01,19514,car,0.6446,9,1149,565,35,23
1462,L21_V01,19514,car,0.6351,9,1236,556,31,22
1463,L21_V01,19514,car,0.581,9,928,549,36,8
1464,L21_V01,19514,car,0.4847,9,770,549,29,8
1465,L21_V01,19514,car,0.3959,9,369,486,46,24
1466,L21_V01,19514,car,0.3734,9,1035,540,42,16
1467,L21_V01,19514,car,0.3585,9,800,544,43,12
1468,L21_V01,19514,car,0.3385,9,419,485,22,14
1469,L21_V01,19514,car,0.3012,9,1035,532,69,24
1470,L21_V01,19514,bus,0.4151,1,369,486,46,24
1471,L21_V01,19514,clock,0.3557,2,153,212,14,17
1472,L21_V01,19514,clock,0.3441,2,276,223,28,26
1473,L21_V01,19514,truck,0.3544,1,370,487,44,24
1474,L21_V01,19545,person,0.4197,1,1234,552,21,47
1475,L21_V01,19545,clock,0.369,2,383,353,19,14
1476,L21_V01,19545,clock,0.3056,2,497,369,15,13
1477,L21_V01,19545,boat,0.3236,1,1006,514,270,82
1478,L21_V01,19637,bus,0.456,1,504,359,105,43
1479,L21_V01,19637,clock,0.3328,1,806,127,10,21
1480,L21_V01,19715,car,0.7225,9,1082,510,27,22
1481,L21_V01,19715,car,0.5291,9,3,456,34,12
1482,L21_V01,19715,car,0.4578,9,326,444,37,14
1483,L21_V01,19715,car,0.438,9,183,443,65,24
1484,L21_V01,19715,car,0.4112,9,165,448,28,16
1485,L21_V01,19715,car,0.3944,9,183,451,60,15
1486,L21_V01,19715,car,0.3572,9,90,444,48,21
1487,L21_V01,19715,car,0.3468,9,266,447,58,14
1488,L21_V01,19715,car,0.3156,9,294,449,34,11
1489,L21_V01,19715,person,0.3596,1,1211,478,12,18
1490,L21_V01,19715,truck,0.301,2,1081,509,27,23
1491,L21_V01,19715,truck,0.3003,2,183,443,65,24
1492,L21_V01,19792,person,0.7609,5,609,623,32,16
1493,L21_V01,19792,person,0.7286,5,690,623,26,16
1494,L21_V01,19792,person,0.4385,5,540,624,21,14
1495,L21_V01,19792,person,0.3731,5,525,623,36,15
1496,L21_V01,19792,person,0.359,5,983,695,33,24
1497,L21_V01,19918,umbrella,0.4981,3,990,567,22,70
1498,L21_V01,19918,umbrella,0.3862,3,793,528,36,110
1499,L21_V01,19918,umbrella,0.3279,3,894,552,86,85
1500,L21_V01,19918,person,0.363,1,509,614,32,25
1501,L21_V01,20006,person,0.659,6,314,546,26,70
1502,L21_V01,20006,person,0.6274,6,626,523,26,94
1503,L21_V01,20006,person,0.512,6,268,552,17,60
1504,L21_V01,20006,person,0.4097,6,251,552,32,62
1505,L21_V01,20006,person,0.3634,6,250,570,24,43
1506,L21_V01,20006,person,0.3533,6,249,566,28,65
1507,L21_V01,20006,clock,0.4234,1,490,244,41,70
1508,L21_V01,20006,boat,0.3811,1,241,688,350,28
1509,L21_V01,20115,person,0.7405,7,233,484,20,66
1510,L21_V01,20115,person,0.7025,7,280,467,40,132
1511,L21_V01,20115,person,0.5754,7,211,503,25,88
1512,L21_V01,20115,person,0.4106,7,223,498,18,50
1513,L21_V01,20115,person,0.3649,7,183,548,22,46
1514,L21_V01,20115,person,0.344,7,288,467,32,84
1515,L21_V01,20115,person,0.342,7,296,470,24,81
1516,L21_V01,20115,clock,0.3987,2,562,0,69,80
1517,L21_V01,20115,clock,0.3703,2,579,2,33,60
1518,L21_V01,20223,pottedplant,0.6879,1,982,556,71,60
1519,L21_V01,20223,person,0.5315,4,439,368,77,173
1520,L21_V01,20223,person,0.4795,4,491,316,72,226
1521,L21_V01,20223,person,0.3539,4,662,262,123,280
1522,L21_V01,20223,person,0.3157,4,663,262,122,375
1523,L21_V01,20318,kite,0.7841,1,545,151,206,480
1524,L21_V01,20331,person,0.9654,1,308,178,466,460
1525,L21_V01,20331,tie,0.8791,1,559,369,41,146
1526,L21_V01,20331,aeroplane,0.8378,2,786,122,151,78
1527,L21_V01,20331,aeroplane,0.3508,2,906,239,266,90
1528,L21_V01,20331,cell phone,0.4752,1,536,558,106,44
1529,L21_V01,20332,person,0.9636,1,304,177,466,460
1530,L21_V01,20332,tie,0.8778,1,555,369,40,147
1531,L21_V01,20332,aeroplane,0.8388,2,786,118,151,82
1532,L21_V01,20332,aeroplane,0.365,2,906,239,266,90
1533,L21_V01,20332,cell phone,0.3606,1,535,558,106,44
1534,L21_V01,20804,person,0.8762,16,1123,542,25,72
1535,L21_V01,20804,person,0.8314,16,53,534,32,77
1536,L21_V01,20804,person,0.7922,16,14,521,32,71
1537,L21_V01,20804,person,0.7834,16,861,533,19,56
1538,L21_V01,20804,person,0.7732,16,483,532,24,57
1539,L21_V01,20804,person,0.7658,16,683,532,24,59
1540,L21_V01,20804,person,0.7301,16,842,535,19,58
1541,L21_V01,20804,person,0.6742,16,450,528,22,62
1542,L21_V01,20804,person,0.5726,16,169,521,23,58
1543,L21_V01,20804,person,0.5147,16,548,541,15,45
1544,L21_V01,20804,person,0.5109,16,512,531,16,37
1545,L21_V01,20804,person,0.376,16,785,533,15,49
1546,L21_V01,20804,person,0.3631,16,452,553,18,37
1547,L21_V01,20804,person,0.3437,16,595,560,19,32
1548,L21_V01,20804,person,0.3281,16,791,534,17,51
1549,L21_V01,20804,person,0.3117,16,169,521,22,58
1550,L21_V01,20804,traffic light,0.7976,3,378,348,55,20
1551,L21_V01,20804,traffic light,0.3937,3,113,439,15,21
1552,L21_V01,20804,traffic light,0.3402,3,112,439,19,37
1553,L21_V01,20804,bench,0.5653,3,1003,581,98,33
1554,L21_V01,20804,bench,0.3531,3,145,576,53,38
1555,L21_V01,20804,bench,0.3211,3,145,574,103,40
1556,L21_V01,20805,person,0.8785,16,1123,542,26,72
1557,L21_V01,20805,person,0.8327,16,53,534,33,77
1558,L21_V01,20805,person,0.7948,16,14,521,32,71
1559,L21_V01,20805,person,0.7847,16,861,533,19,56
1560,L21_V01,20805,person,0.7744,16,483,532,24,57
1561,L21_V01,20805,person,0.7707,16,683,532,24,59
1562,L21_V01,20805,person,0.7309,16,842,535,19,58
1563,L21_V01,20805,person,0.6943,16,450,528,22,62
1564,L21_V01,20805,person,0.5737,16,169,521,23,58
1565,L21_V01,20805,person,0.5076,16,512,531,16,37
1566,L21_V01,20805,person,0.4907,16,547,541,14,42
1567,L21_V01,20805,person,0.3829,16,596,560,20,33
1568,L21_V01,20805,person,0.3827,16,785,533,15,49
1569,L21_V01,20805,person,0.3535,16,452,553,18,37
1570,L21_V01,20805,person,0.3324,16,791,535,17,51
1571,L21_V01,20805,person,0.3087,16,554,537,20,50
1572,L21_V01,20805,traffic light,0.7875,4,378,348,55,20
1573,L21_V01,20805,traffic light,0.3866,4,113,439,15,21
1574,L21_V01,20805,traffic light,0.334,4,112,439,19,37
1575,L21_V01,20805,traffic light,0.3093,4,413,349,20,18
1576,L21_V01,20805,bench,0.5456,3,1003,581,98,33
1577,L21_V01,20805,bench,0.3524,3,145,576,54,38
1578,L21_V01,20805,bench,0.3147,3,145,574,103,40
1579,L21_V01,20904,traffic light,0.362,3,121,109,89,44
1580,L21_V01,20904,traffic light,0.3183,3,109,54,120,47
1581,L21_V01,20904,traffic light,0.3121,3,98,52,130,371
1582,L21_V01,21004,person,0.9406,2,234,255,135,302
1583,L21_V01,21004,person,0.8954,2,641,255,115,302
1584,L21_V01,21004,backpack,0.4545,1,663,315,59,79
1585,L21_V01,21005,person,0.9391,2,234,255,136,302
1586,L21_V01,21005,person,0.8919,2,640,255,115,302
1587,L21_V01,21005,backpack,0.4062,1,664,315,58,78
1588,L21_V01,21104,person,0.9134,10,377,418,48,139
1589,L21_V01,21104,person,0.8853,10,159,443,33,83
1590,L21_V01,21104,person,0.8738,10,202,453,28,71
1591,L21_V01,21104,person,0.8697,10,635,418,64,139
1592,L21_V01,21104,person,0.8517,10,911,394,81,163
1593,L21_V01,21104,person,0.8453,10,435,443,31,95
1594,L21_V01,21104,person,0.7761,10,1115,444,34,87
1595,L21_V01,21104,person,0.7548,10,6,447,29,72
1596,L21_V01,21104,person,0.4073,10,866,495,19,36
1597,L21_V01,21104,person,0.3348,10,756,459,24,70
1598,L21_V01,21104,bicycle,0.4318,2,415,497,30,38
1599,L21_V01,21104,bicycle,0.3235,2,294,519,71,37
1600,L21_V01,21104,dog,0.4183,2,817,506,26,23
1601,L21_V01,21104,dog,0.3054,2,816,506,40,23
1602,L21_V01,21104,bench,0.3824,1,228,499,99,36
1603,L21_V01,21104,fire hydrant,0.3466,1,717,500,21,49
1604,L21_V01,21104,tie,0.3355,1,938,442,13,44
1605,L21_V01,21104,truck,0.3102,1,206,368,221,166
1606,L21_V01,21205,knife,0.304,1,151,9,26,54
1607,L21_V01,21271,person,0.9344,12,15,275,225,363
1608,L21_V01,21271,person,0.8686,12,376,367,40,125
1609,L21_V01,21271,person,0.8569,12,1237,325,42,286
1610,L21_V01,21271,person,0.7788,12,202,363,55,111
1611,L21_V01,21271,person,0.7709,12,451,363,54,137
1612,L21_V01,21271,person,0.7705,12,523,359,28,58
1613,L21_V01,21271,person,0.6135,12,566,370,17,37
1614,L21_V01,21271,person,0.5772,12,0,303,45,335
1615,L21_V01,21271,person,0.5359,12,476,364,32,105
1616,L21_V01,21271,person,0.3587,12,517,363,16,30
1617,L21_V01,21271,person,0.3103,12,198,365,28,92
1618,L21_V01,21271,person,0.3051,12,182,365,32,84
1619,L21_V01,21271,tvmonitor,0.8915,1,758,193,412,285
1620,L21_V01,21271,chair,0.5373,6,506,419,39,54
1621,L21_V01,21271,chair,0.4458,6,315,424,29,52
1622,L21_V01,21271,chair,0.388,6,232,429,57,59
1623,L21_V01,21271,chair,0.3855,6,545,411,36,62
1624,L21_V01,21271,chair,0.3213,6,333,424,23,52
1625,L21_V01,21271,chair,0.3106,6,342,418,38,60
1626,L21_V01,21271,aeroplane,0.4792,2,279,24,550,362
1627,L21_V01,21271,aeroplane,0.3258,2,277,23,553,466
1628,L21_V01,21271,handbag,0.3016,1,204,380,31,51
1629,L21_V01,21327,person,0.8981,16,530,317,70,210
1630,L21_V01,21327,person,0.8437,16,0,321,141,316
1631,L21_V01,21327,person,0.8417,16,110,309,131,329
1632,L21_V01,21327,person,0.7716,16,402,333,79,254
1633,L21_V01,21327,person,0.7526,16,210,345,65,175
1634,L21_V01,21327,person,0.7359,16,269,324,185,315
1635,L21_V01,21327,person,0.5967,16,186,338,26,37
1636,L21_V01,21327,person,0.5084,16,61,313,76,124
1637,L21_V01,21327,person,0.4998,16,209,317,43,36
1638,L21_V01,21327,person,0.4436,16,84,313,52,75
1639,L21_V01,21327,person,0.3802,16,201,323,256,395
1640,L21_V01,21327,person,0.3725,16,0,321,141,397
1641,L21_V01,21327,person,0.3495,16,279,355,55,97
1642,L21_V01,21327,person,0.3465,16,279,322,92,133
1643,L21_V01,21327,person,0.3149,16,46,317,41,40
1644,L21_V01,21327,person,0.3043,16,44,317,47,59
1645,L21_V01,21327,aeroplane,0.8505,2,793,128,164,88
1646,L21_V01,21327,aeroplane,0.3686,2,923,253,284,93
1647,L21_V01,21327,backpack,0.7065,2,193,432,195,204
1648,L21_V01,21327,backpack,0.5444,2,553,349,45,70
1649,L21_V01,21327,tvmonitor,0.3416,1,725,68,553,356
1650,L21_V01,21327,handbag,0.3257,1,191,429,201,208
1651,L21_V01,21518,handbag,0.9411,3,242,394,136,161
1652,L21_V01,21518,handbag,0.5806,3,0,468,78,142
1653,L21_V01,21518,handbag,0.577,3,136,522,38,98
1654,L21_V01,21518,person,0.8983,17,373,310,84,292
1655,L21_V01,21518,person,0.812,17,542,331,62,136
1656,L21_V01,21518,person,0.8093,17,1154,338,68,49
1657,L21_V01,21518,person,0.7992,17,620,337,43,48
1658,L21_V01,21518,person,0.7941,17,691,335,52,59
1659,L21_V01,21518,person,0.7909,17,9,290,157,409
1660,L21_V01,21518,person,0.782,17,738,329,41,99
1661,L21_V01,21518,person,0.7694,17,132,331,116,300
1662,L21_V01,21518,person,0.7516,17,662,344,39,41
1663,L21_V01,21518,person,0.6799,17,1140,345,33,38
1664,L21_V01,21518,person,0.6103,17,245,311,145,406
1665,L21_V01,21518,person,0.6053,17,1212,344,36,40
1666,L21_V01,21518,person,0.5182,17,244,311,140,327
1667,L21_V01,21518,person,0.5089,17,1,352,35,116
1668,L21_V01,21518,person,0.5008,17,326,307,75,294
1669,L21_V01,21518,person,0.3946,17,10,291,152,426
1670,L21_V01,21518,person,0.3702,17,326,307,69,176
1671,L21_V01,21518,tvmonitor,0.5043,1,488,253,122,81
1672,L21_V01,21518,book,0.341,1,704,469,54,90
1673,L21_V01,21518,tie,0.3152,1,399,363,9,32
1674,L21_V01,21572,boat,0.92,1,0,58,1278,652
1675,L21_V01,21621,person,0.909,5,797,175,422,465
1676,L21_V01,21621,person,0.8885,5,22,106,222,533
1677,L21_V01,21621,person,0.8848,5,301,148,332,410
1678,L21_V01,21621,person,0.6795,5,125,88,230,627
1679,L21_V01,21621,person,0.5221,5,127,88,227,543
1680,L21_V01,21621,tie,0.7623,1,112,215,51,84
1681,L21_V01,21621,boat,0.3357,2,545,266,434,209
1682,L21_V01,21621,boat,0.3262,2,548,0,501,139
1683,L21_V01,21673,aeroplane,0.829,1,16,143,1199,462
1684,L21_V01,21721,person,0.9056,5,1123,49,71,166
1685,L21_V01,21721,person,0.6872,5,931,508,165,211
1686,L21_V01,21721,person,0.4497,5,649,172,34,57
1687,L21_V01,21721,person,0.4026,5,606,183,41,38
1688,L21_V01,21721,person,0.3029,5,933,511,150,47
1689,L21_V01,21721,aeroplane,0.8259,1,1,96,1207,533
1690,L21_V01,21741,aeroplane,0.57,2,481,0,628,636
1691,L21_V01,21741,aeroplane,0.4373,2,458,1,819,637
1692,L21_V01,21799,aeroplane,0.5939,5,53,256,1228,385
1693,L21_V01,21799,aeroplane,0.4873,5,521,14,757,622
1694,L21_V01,21799,aeroplane,0.4607,5,520,10,758,500
1695,L21_V01,21799,aeroplane,0.4354,5,66,0,1213,718
1696,L21_V01,21799,aeroplane,0.4133,5,2,1,1279,719
1697,L21_V01,21799,person,0.5187,6,152,32,287,608
1698,L21_V01,21799,person,0.5186,6,191,34,245,264
1699,L21_V01,21799,person,0.3812,6,0,162,74,557
1700,L21_V01,21799,person,0.376,6,128,21,303,712
1701,L21_V01,21799,person,0.3096,6,811,311,118,152
1702,L21_V01,21799,person,0.3064,6,0,169,71,470
1703,L21_V01,21878,person,0.9591,2,567,60,568,579
1704,L21_V01,21878,person,0.8914,2,229,307,99,220
1705,L21_V01,21878,handbag,0.5871,1,287,364,41,58
1706,L21_V01,21878,cell phone,0.5651,1,844,466,48,35
1707,L21_V01,21878,car,0.4811,6,439,293,220,63
1708,L21_V01,21878,car,0.4334,6,617,297,42,50
1709,L21_V01,21878,car,0.4303,6,334,298,142,62
1710,L21_V01,21878,car,0.4239,6,576,296,83,51
1711,L21_V01,21878,car,0.4237,6,334,296,62,64
1712,L21_V01,21878,car,0.3699,6,437,303,40,54
1713,L21_V01,21879,person,0.9624,2,568,60,568,578
1714,L21_V01,21879,person,0.8781,2,235,304,91,220
1715,L21_V01,21879,cell phone,0.6474,1,843,466,48,35
1716,L21_V01,21879,handbag,0.5202,1,286,360,42,58
1717,L21_V01,21879,car,0.4948,6,439,292,220,63
1718,L21_V01,21879,car,0.415,6,617,297,42,50
1719,L21_V01,21879,car,0.4106,6,576,296,84,52
1720,L21_V01,21879,car,0.4034,6,334,297,141,62
1721,L21_V01,21879,car,0.4032,6,334,295,61,64
1722,L21_V01,21879,car,0.3467,6,437,303,40,54
1723,L21_V01,21879,backpack,0.3279,1,286,360,42,58
1724,L21_V01,22360,person,0.9626,2,759,87,358,419
1725,L21_V01,22360,person,0.9477,2,88,91,313,546
1726,L21_V01,22360,car,0.7047,5,266,391,154,111
1727,L21_V01,22360,car,0.4083,5,768,237,53,32
1728,L21_V01,22360,car,0.3636,5,624,239,34,37
1729,L21_V01,22360,car,0.3419,5,761,230,59,39
1730,L21_V01,22360,car,0.3305,5,794,239,26,30
1731,L21_V01,22360,tie,0.6321,1,240,303,23,79
1732,L21_V01,22360,bus,0.5443,1,1211,242,67,263
1733,L21_V01,22360,cell phone,0.5265,1,352,477,69,27
1734,L21_V01,22360,book,0.4528,3,0,302,35,138
1735,L21_V01,22360,book,0.401,3,4,286,46,147
1736,L21_V01,22360,book,0.3137,3,46,286,46,145
1737,L21_V01,22487,person,0.9644,14,509,174,364,462
1738,L21_V01,22487,person,0.7988,14,488,340,25,71
1739,L21_V01,22487,person,0.6861,14,933,266,24,56
1740,L21_V01,22487,person,0.5898,14,173,349,15,33
1741,L21_V01,22487,person,0.4541,14,525,337,19,43
1742,L21_V01,22487,person,0.4198,14,256,424,19,26
1743,L21_V01,22487,person,0.4191,14,225,426,19,31
1744,L21_V01,22487,person,0.4017,14,533,322,13,21
1745,L21_V01,22487,person,0.4013,14,300,422,24,27
1746,L21_V01,22487,person,0.3956,14,136,333,18,39
1747,L21_V01,22487,person,0.3289,14,530,322,19,57
1748,L21_V01,22487,person,0.3145,14,553,331,14,23
1749,L21_V01,22487,person,0.3028,14,909,287,26,38
1750,L21_V01,22487,person,0.3005,14,224,329,18,36
1751,L21_V01,22487,tie,0.8563,1,693,357,37,142
1752,L21_V01,22487,book,0.4026,1,681,532,114,37
1753,L21_V01,22487,cell phone,0.3499,1,542,572,36,21
1754,L21_V01,22832,person,0.7648,17,665,402,23,70
1755,L21_V01,22832,person,0.7492,17,602,407,29,60
1756,L21_V01,22832,person,0.6772,17,410,281,15,36
1757,L21_V01,22832,person,0.6449,17,413,316,22,55
1758,L21_V01,22832,person,0.6297,17,684,413,16,47
1759,L21_V01,22832,person,0.6105,17,497,374,16,41
1760,L21_V01,22832,person,0.5607,17,322,268,15,44
1761,L21_V01,22832,person,0.5303,17,525,384,23,48
1762,L21_V01,22832,person,0.4687,17,365,273,14,33
1763,L21_V01,22832,person,0.4297,17,299,273,17,36
1764,L21_V01,22832,person,0.3681,17,243,282,22,41
1765,L21_V01,22832,person,0.3605,17,275,283,19,28
1766,L21_V01,22832,person,0.3501,17,386,287,15,22
1767,L21_V01,22832,person,0.3464,17,334,277,13,33
1768,L21_V01,22832,person,0.3297,17,291,284,15,25
1769,L21_V01,22832,person,0.3245,17,534,386,17,47
1770,L21_V01,22832,person,0.3052,17,302,273,13,19
1771,L21_V01,22891,person,0.9183,17,1084,424,114,193
1772,L21_V01,22891,person,0.8642,17,515,141,33,66
1773,L21_V01,22891,person,0.7492,17,415,132,36,83
1774,L21_V01,22891,person,0.7167,17,447,123,43,87
1775,L21_V01,22891,person,0.6899,17,933,432,49,89
1776,L21_V01,22891,person,0.6537,17,386,139,37,78
1777,L21_V01,22891,person,0.5885,17,897,453,35,46
1778,L21_V01,22891,person,0.5852,17,828,418,43,129
1779,L21_V01,22891,person,0.5516,17,616,183,23,21
1780,L21_V01,22891,person,0.5484,17,351,114,48,106
1781,L21_V01,22891,person,0.5464,17,1170,434,58,150
1782,L21_V01,22891,person,0.4711,17,980,424,33,82
1783,L21_V01,22891,person,0.4554,17,481,182,26,34
1784,L21_V01,22891,person,0.4328,17,1238,421,29,51
1785,L21_V01,22891,person,0.4071,17,661,186,17,17
1786,L21_V01,22891,person,0.3824,17,1003,444,18,51
1787,L21_V01,22891,person,0.333,17,711,195,22,30
1788,L21_V01,22891,boat,0.4434,1,1,194,889,426
1789,L21_V01,22891,backpack,0.4423,1,474,151,19,31
1790,L21_V01,22891,cake,0.361,1,1,194,889,426
1791,L21_V01,22891,train,0.3044,1,1,194,889,426
1792,L21_V01,22947,truck,0.8172,3,841,295,219,108
1793,L21_V01,22947,truck,0.4415,3,505,251,72,48
1794,L21_V01,22947,truck,0.3235,3,568,91,43,59
1795,L21_V01,22947,person,0.7729,25,894,408,45,112
1796,L21_V01,22947,person,0.7076,25,709,444,53,112
1797,L21_V01,22947,person,0.6851,25,825,372,35,98
1798,L21_V01,22947,person,0.6728,25,633,444,36,102
1799,L21_V01,22947,person,0.663,25,774,371,34,96
1800,L21_V01,22947,person,0.6095,25,762,310,26,84
1801,L21_V01,22947,person,0.5691,25,770,125,29,63
1802,L21_V01,22947,person,0.5147,25,856,382,32,101
1803,L21_V01,22947,person,0.5007,25,565,411,27,101
1804,L21_V01,22947,person,0.4269,25,544,406,29,100
1805,L21_V01,22947,person,0.4076,25,718,398,29,71
1806,L21_V01,22947,person,0.3868,25,627,301,20,53
1807,L21_V01,22947,person,0.3723,25,499,422,34,75
1808,L21_V01,22947,person,0.3542,25,879,353,32,79
1809,L21_V01,22947,person,0.3442,25,858,500,49,56
1810,L21_V01,22947,person,0.3396,25,0,207,62,358
1811,L21_V01,22947,person,0.3375,25,446,425,35,68
1812,L21_V01,22947,person,0.3318,25,675,372,22,43
1813,L21_V01,22947,person,0.3304,25,853,120,24,33
1814,L21_V01,22947,person,0.3218,25,940,493,60,65
1815,L21_V01,22947,person,0.3151,25,1025,289,26,47
1816,L21_V01,22947,person,0.3118,25,1059,259,28,73
1817,L21_V01,22947,person,0.3104,25,423,434,30,74
1818,L21_V01,22947,person,0.3057,25,810,110,20,58
1819,L21_V01,22947,person,0.3045,25,0,206,62,427
1820,L21_V01,22947,car,0.6436,8,671,50,89,35
1821,L21_V01,22947,car,0.4048,8,562,59,41,25
1822,L21_V01,22947,car,0.3571,8,569,92,42,33
1823,L21_V01,22947,car,0.3555,8,505,251,72,48
1824,L21_V01,22947,car,0.3295,8,1154,312,126,52
1825,L21_V01,22947,car,0.3248,8,301,34,36,28
1826,L21_V01,22947,car,0.3213,8,532,252,45,47
1827,L21_V01,22947,car,0.3057,8,566,37,33,24
1828,L21_V01,22947,backpack,0.3371,1,719,466,36,39
1829,L21_V01,22947,umbrella,0.3056,1,1069,406,51,28
1830,L21_V01,22947,motorbike,0.3037,1,858,500,49,56
1831,L21_V01,23019,cake,0.6041,2,129,365,528,193
1832,L21_V01,23019,cake,0.3719,2,121,302,118,122
1833,L21_V01,23019,person,0.5123,3,624,0,166,150
1834,L21_V01,23019,person,0.4006,3,356,143,261,290
1835,L21_V01,23019,person,0.3554,3,357,142,432,413
1836,L21_V01,23019,diningtable,0.3034,1,0,17,1272,622
1837,L21_V01,23065,person,0.9391,1,428,201,486,357
1838,L21_V01,23065,cake,0.394,1,0,0,483,636
1839,L21_V01,23118,person,0.9064,13,1120,242,41,78
1840,L21_V01,23118,person,0.8871,13,525,255,81,79
1841,L21_V01,23118,person,0.853,13,392,180,105,167
1842,L21_V01,23118,person,0.8454,13,974,266,59,109
1843,L21_V01,23118,person,0.8383,13,1032,264,62,76
1844,L21_V01,23118,person,0.8313,13,232,147,52,74
1845,L21_V01,23118,person,0.7454,13,1222,317,49,58
1846,L21_V01,23118,person,0.7365,13,75,132,51,75
1847,L21_V01,23118,person,0.5738,13,81,229,55,57
1848,L21_V01,23118,person,0.495,13,461,290,44,62
1849,L21_V01,23118,person,0.4118,13,0,115,63,120
1850,L21_V01,23118,person,0.3781,13,0,115,65,212
1851,L21_V01,23118,person,0.3187,13,0,218,26,108
1852,L21_V01,23206,person,0.9188,8,922,211,355,428
1853,L21_V01,23206,person,0.9119,8,778,333,147,223
1854,L21_V01,23206,person,0.9026,8,512,296,229,260
1855,L21_V01,23206,person,0.9005,8,665,336,150,220
1856,L21_V01,23206,person,0.8028,8,185,191,456,368
1857,L21_V01,23206,person,0.7413,8,1101,331,178,307
1858,L21_V01,23206,person,0.4781,8,1101,331,178,192
1859,L21_V01,23206,person,0.4044,8,179,192,469,525
1860,L21_V01,23206,backpack,0.6248,1,600,449,139,108
1861,L21_V01,23206,handbag,0.3048,1,812,437,64,119
1862,L21_V01,23278,person,0.9534,14,191,134,471,502
1863,L21_V01,23278,person,0.9307,14,616,98,118,450
1864,L21_V01,23278,person,0.8683,14,775,84,411,556
1865,L21_V01,23278,person,0.8498,14,702,124,208,486
1866,L21_V01,23278,person,0.7259,14,0,197,109,438
1867,L21_V01,23278,person,0.5884,14,487,154,156,481
1868,L21_V01,23278,person,0.5625,14,724,161,87,154
1869,L21_V01,23278,person,0.5591,14,752,95,73,96
1870,L21_V01,23278,person,0.5147,14,362,132,193,340
1871,L21_V01,23278,person,0.4721,14,487,155,148,315
1872,L21_V01,23278,person,0.4384,14,702,154,112,415
1873,L21_V01,23278,person,0.4379,14,364,133,139,263
1874,L21_V01,23278,person,0.4072,14,725,94,100,220
1875,L21_V01,23278,person,0.3003,14,724,161,89,230
1876,L21_V01,23278,cell phone,0.8257,1,84,610,90,28
1877,L21_V01,23278,handbag,0.7476,1,220,363,231,274
1878,L21_V01,23278,backpack,0.3633,2,395,275,103,119
1879,L21_V01,23278,backpack,0.3254,2,399,275,99,118
1880,L21_V01,23394,person,0.8867,1,629,235,439,403
1881,L21_V01,23394,cup,0.6557,2,139,553,45,39
1882,L21_V01,23394,cup,0.4883,2,235,555,46,27
1883,L21_V01,23394,sink,0.4973,2,253,521,137,33
1884,L21_V01,23394,sink,0.4396,2,179,516,219,75
1885,L21_V01,23394,bowl,0.3072,1,341,580,75,46
1886,L21_V01,23555,person,0.968,1,323,49,604,588
1887,L21_V01,23555,tie,0.8991,1,562,366,69,249
1888,L21_V01,23556,person,0.9674,1,324,48,603,589
1889,L21_V01,23556,tie,0.9016,1,564,366,69,248
1890,L21_V01,23849,person,0.8665,20,51,259,264,379
1891,L21_V01,23849,person,0.8294,20,1003,344,131,374
1892,L21_V01,23849,person,0.7417,20,1101,336,63,296
1893,L21_V01,23849,person,0.7222,20,765,394,68,243
1894,L21_V01,23849,person,0.72,20,451,309,141,411
1895,L21_V01,23849,person,0.6166,20,298,388,53,138
1896,L21_V01,23849,person,0.6165,20,887,337,117,302
1897,L21_V01,23849,person,0.5995,20,661,365,133,354
1898,L21_V01,23849,person,0.597,20,282,365,205,274
1899,L21_V01,23849,person,0.5767,20,816,320,104,320
1900,L21_V01,23849,person,0.5741,20,451,308,141,331
1901,L21_V01,23849,person,0.5576,20,816,320,105,399
1902,L21_V01,23849,person,0.5435,20,608,332,99,306
1903,L21_V01,23849,person,0.5274,20,280,364,225,354
1904,L21_V01,23849,person,0.5126,20,587,378,47,152
1905,L21_V01,23849,person,0.4738,20,745,380,45,66
1906,L21_V01,23849,person,0.3844,20,676,366,118,272
1907,L21_V01,23849,person,0.3268,20,743,379,52,250
1908,L21_V01,23849,person,0.3033,20,744,380,45,118
1909,L21_V01,23849,person,0.3018,20,611,332,97,383
1910,L21_V01,23849,backpack,0.8483,1,67,368,186,266
1911,L21_V01,23849,handbag,0.8305,5,1084,411,46,121
1912,L21_V01,23849,handbag,0.6993,5,683,433,98,135
1913,L21_V01,23849,handbag,0.6487,5,683,433,110,193
1914,L21_V01,23849,handbag,0.4714,5,434,532,48,106
1915,L21_V01,23849,handbag,0.302,5,456,524,63,115
1916,L21_V01,23849,pottedplant,0.4714,3,1201,361,78,113
1917,L21_V01,23849,pottedplant,0.4474,3,1162,464,117,175
1918,L21_V01,23849,pottedplant,0.3382,3,1157,463,122,255
1919,L21_V01,23850,person,0.9036,20,63,257,260,381
1920,L21_V01,23850,person,0.8626,20,452,310,141,409
1921,L21_V01,23850,person,0.8558,20,886,339,127,380
1922,L21_V01,23850,person,0.8446,20,767,397,70,242
1923,L21_V01,23850,person,0.8142,20,288,360,239,358
1924,L21_V01,23850,person,0.7957,20,819,320,101,319
1925,L21_V01,23850,person,0.7652,20,1101,335,64,301
1926,L21_V01,23850,person,0.6543,20,661,367,135,352
1927,L21_V01,23850,person,0.6085,20,608,334,101,304
1928,L21_V01,23850,person,0.5726,20,1007,342,127,297
1929,L21_V01,23850,person,0.5665,20,306,389,48,123
1930,L21_V01,23850,person,0.5348,20,1006,341,129,379
1931,L21_V01,23850,person,0.5013,20,746,381,43,66
1932,L21_V01,23850,person,0.4843,20,587,376,47,157
1933,L21_V01,23850,person,0.4616,20,746,380,43,89
1934,L21_V01,23850,person,0.402,20,290,360,237,279
1935,L21_V01,23850,person,0.3991,20,818,320,102,400
1936,L21_V01,23850,person,0.3933,20,676,368,119,270
1937,L21_V01,23850,person,0.3313,20,587,374,49,190
1938,L21_V01,23850,person,0.3216,20,452,309,141,330
1939,L21_V01,23850,backpack,0.8508,1,74,364,188,263
1940,L21_V01,23850,handbag,0.7421,3,1087,413,45,121
1941,L21_V01,23850,handbag,0.7041,3,685,434,98,135
1942,L21_V01,23850,handbag,0.5634,3,685,434,111,197
1943,L21_V01,23850,pottedplant,0.4711,3,1201,361,78,113
1944,L21_V01,23850,pottedplant,0.4413,3,1162,464,116,175
1945,L21_V01,23850,pottedplant,0.3285,3,1158,462,121,256
1946,L21_V01,23850,clock,0.3016,1,868,147,36,39
1947,L21_V01,23899,person,0.9308,11,34,181,139,252
1948,L21_V01,23899,person,0.9219,11,153,175,135,246
1949,L21_V01,23899,person,0.9098,11,263,157,145,258
1950,L21_V01,23899,person,0.9052,11,1078,54,132,367
1951,L21_V01,23899,person,0.8962,11,584,162,137,239
1952,L21_V01,23899,person,0.8935,11,491,183,142,219
1953,L21_V01,23899,person,0.8895,11,778,160,124,232
1954,L21_V01,23899,person,0.8862,11,365,165,172,245
1955,L21_V01,23899,person,0.8538,11,1171,39,108,382
1956,L21_V01,23899,person,0.8439,11,968,151,119,232
1957,L21_V01,23899,person,0.827,11,858,159,77,230
1958,L21_V01,23899,handbag,0.6855,5,674,261,63,50
1959,L21_V01,23899,handbag,0.5097,5,1110,170,44,81
1960,L21_V01,23899,handbag,0.4626,5,469,270,39,43
1961,L21_V01,23899,handbag,0.3332,5,1221,247,57,80
1962,L21_V01,23899,handbag,0.3026,5,874,260,63,18
1963,L21_V01,23899,pottedplant,0.3771,2,327,132,82,109
1964,L21_V01,23899,pottedplant,0.3465,2,832,84,93,85
1965,L21_V01,23899,bench,0.3761,2,454,230,368,160
1966,L21_V01,23899,bench,0.3001,2,28,229,794,167
1967,L21_V01,23899,cell phone,0.3614,1,127,301,14,9
1968,L21_V01,23899,backpack,0.3403,1,1110,170,44,81
1969,L21_V01,24026,person,0.9651,1,110,0,604,487
1970,L21_V01,24026,dog,0.3857,1,597,230,139,157
1971,L21_V01,24154,person,0.9353,18,530,119,82,153
1972,L21_V01,24154,person,0.926,18,378,351,177,207
1973,L21_V01,24154,person,0.8876,18,687,136,98,143
1974,L21_V01,24154,person,0.8862,18,753,384,182,173
1975,L21_V01,24154,person,0.8603,18,302,126,63,142
1976,L21_V01,24154,person,0.8363,18,238,134,69,133
1977,L21_V01,24154,person,0.7846,18,401,125,75,142
1978,L21_V01,24154,person,0.5669,18,131,110,35,84
1979,L21_V01,24154,person,0.538,18,362,125,58,138
1980,L21_V01,24154,person,0.5005,18,242,100,28,85
1981,L21_V01,24154,person,0.4942,18,92,84,37,92
1982,L21_V01,24154,person,0.453,18,365,125,51,98
1983,L21_V01,24154,person,0.4342,18,960,104,34,62
1984,L21_V01,24154,person,0.3638,18,1180,115,30,50
1985,L21_V01,24154,person,0.3585,18,61,101,33,74
1986,L21_V01,24154,person,0.344,18,840,121,27,50
1987,L21_V01,24154,person,0.319,18,923,124,37,46
1988,L21_V01,24154,person,0.3155,18,508,116,36,57
1989,L21_V01,24154,car,0.6912,1,990,73,147,95
1990,L21_V01,24154,umbrella,0.6167,3,987,27,191,45
1991,L21_V01,24154,umbrella,0.483,3,1181,26,98,42
1992,L21_V01,24154,umbrella,0.3134,3,1179,25,100,132
1993,L21_V01,24154,bench,0.4288,4,721,213,177,61
1994,L21_V01,24154,bench,0.3434,4,599,198,300,76
1995,L21_V01,24154,bench,0.3372,4,596,171,113,94
1996,L21_V01,24154,bench,0.3226,4,593,169,305,105
1997,L21_V01,24154,bird,0.4042,1,1167,195,16,16
1998,L21_V01,24154,suitcase,0.3687,1,438,208,60,59
1999,L21_V01,24154,bowl,0.3207,1,732,249,31,23
2000,L21_V01,24154,cup,0.3189,1,809,206,16,17
2001,L21_V01,24278,person,0.9475,10,183,177,390,461
2002,L21_V01,24278,person,0.9292,10,411,159,445,480
2003,L21_V01,24278,person,0.9187,10,1,154,329,484
2004,L21_V01,24278,person,0.8987,10,723,183,420,456
2005,L21_V01,24278,person,0.7482,10,608,44,87,284
2006,L21_V01,24278,person,0.5291,10,0,228,195,407
2007,L21_V01,24278,person,0.4881,10,216,58,82,117
2008,L21_V01,24278,person,0.4438,10,0,228,193,289
2009,L21_V01,24278,person,0.356,10,66,228,124,122
2010,L21_V01,24278,person,0.3433,10,220,97,77,79
2011,L21_V01,24278,cell phone,0.8598,5,318,277,37,57
2012,L21_V01,24278,cell phone,0.3879,5,620,486,50,33
2013,L21_V01,24278,cell phone,0.3847,5,780,495,38,18
2014,L21_V01,24278,cell phone,0.3704,5,691,253,30,36
2015,L21_V01,24278,cell phone,0.3516,5,675,427,92,66
2016,L21_V01,24278,handbag,0.7466,4,287,408,119,79
2017,L21_V01,24278,handbag,0.3774,4,13,479,101,39
2018,L21_V01,24278,handbag,0.3647,4,780,531,131,49
2019,L21_V01,24278,handbag,0.3409,4,675,427,92,66
2020,L21_V01,24278,bench,0.4833,4,1105,433,173,204
2021,L21_V01,24278,bench,0.4681,4,720,428,560,210
2022,L21_V01,24278,bench,0.3751,4,550,401,73,100
2023,L21_V01,24278,bench,0.3492,4,7,424,1268,214
2024,L21_V01,24278,book,0.4035,1,13,479,101,39
2025,L21_V01,24278,clock,0.3676,1,127,486,22,20
2026,L21_V01,24278,backpack,0.3193,1,3,305,177,153
2027,L21_V01,24437,person,0.9569,8,284,87,580,549
2028,L21_V01,24437,person,0.8377,8,546,0,239,314
2029,L21_V01,24437,person,0.8042,8,541,88,737,549
2030,L21_V01,24437,person,0.7776,8,0,161,388,476
2031,L21_V01,24437,person,0.4012,8,884,448,395,191
2032,L21_V01,24437,person,0.3352,8,1048,223,160,226
2033,L21_V01,24437,person,0.3209,8,1079,107,144,216
2034,L21_V01,24437,person,0.318,8,873,151,84,139
2035,L21_V01,24437,bench,0.4009,2,111,445,255,164
2036,L21_V01,24437,bench,0.3825,2,1,445,371,191
2037,L21_V01,24437,cell phone,0.328,1,566,359,42,47
2038,L21_V01,24437,donut,0.3186,1,566,359,42,47
2039,L21_V01,24517,person,0.9638,1,345,45,589,592
2040,L21_V01,24517,tie,0.8926,1,583,367,66,247
2041,L21_V01,24518,person,0.9646,1,343,45,591,592
2042,L21_V01,24518,tie,0.8901,1,582,366,65,249
2043,L21_V01,24997,boat,0.7999,7,1005,486,35,17
2044,L21_V01,24997,boat,0.695,7,1100,458,19,15
2045,L21_V01,24997,boat,0.6173,7,482,429,42,13
2046,L21_V01,24997,boat,0.3571,7,1108,429,12,10
2047,L21_V01,24997,boat,0.346,7,354,461,17,9
2048,L21_V01,24997,boat,0.3405,7,121,489,24,13
2049,L21_V01,24997,boat,0.3225,7,1108,427,22,13
2050,L21_V01,25062,boat,0.7889,7,240,251,114,41
2051,L21_V01,25062,boat,0.7779,7,575,270,34,17
2052,L21_V01,25062,boat,0.6888,7,837,250,94,46
2053,L21_V01,25062,boat,0.4192,7,797,246,134,49
2054,L21_V01,25062,boat,0.4015,7,798,270,23,19
2055,L21_V01,25062,boat,0.3946,7,1210,256,69,34
2056,L21_V01,25062,boat,0.3077,7,1209,280,62,10
2057,L21_V01,25117,traffic light,0.3925,1,677,351,67,49
2058,L21_V01,25117,kite,0.3724,1,677,351,67,49
2059,L21_V01,25178,boat,0.6433,7,766,390,21,12
2060,L21_V01,25178,boat,0.6024,7,390,385,37,6
2061,L21_V01,25178,boat,0.5362,7,926,392,12,13
2062,L21_V01,25178,boat,0.4993,7,554,393,9,14
2063,L21_V01,25178,boat,0.4656,7,387,362,69,6
2064,L21_V01,25178,boat,0.409,7,660,368,7,9
2065,L21_V01,25178,boat,0.3084,7,985,379,38,6
2066,L21_V01,25178,bird,0.3006,1,625,357,5,7
2067,L21_V01,25238,vase,0.8677,3,259,165,144,223
2068,L21_V01,25238,vase,0.8471,3,29,53,269,358
2069,L21_V01,25238,vase,0.4755,3,27,52,374,358
2070,L21_V01,25320,car,0.5297,10,1117,389,33,21
2071,L21_V01,25320,car,0.4401,10,1196,360,25,13
2072,L21_V01,25320,car,0.4394,10,1196,361,19,11
2073,L21_V01,25320,car,0.4362,10,1113,371,24,15
2074,L21_V01,25320,car,0.4316,10,1122,352,17,14
2075,L21_V01,25320,car,0.3932,10,1224,354,32,15
2076,L21_V01,25320,car,0.3651,10,1229,372,49,28
2077,L21_V01,25320,car,0.3615,10,1172,361,29,22
2078,L21_V01,25320,car,0.336,10,1165,360,35,23
2079,L21_V01,25320,car,0.3267,10,1228,364,25,13
2080,L21_V01,25320,umbrella,0.4725,1,1038,135,167,58
2081,L21_V01,25320,train,0.3944,2,1083,236,99,76
2082,L21_V01,25320,train,0.3364,2,0,200,506,287
2083,L21_V01,25387,train,0.4247,2,0,636,1279,82
2084,L21_V01,25387,train,0.3448,2,2,687,1277,33
2085,L21_V01,25510,cake,0.945,1,0,-1,1279,632
2086,L21_V01,25554,boat,0.3518,1,0,634,1279,84
2087,L21_V01,25554,train,0.3278,1,0,634,1279,84
2088,L21_V01,25603,car,0.3949,2,391,698,24,11
2089,L21_V01,25603,car,0.3383,2,376,696,39,12
2090,L21_V01,25694,diningtable,0.4945,1,190,428,288,209
2091,L21_V01,25694,person,0.3613,1,38,352,63,154
2092,L21_V01,25776,bench,0.5663,15,358,333,222,85
2093,L21_V01,25776,bench,0.4463,15,287,477,490,79
2094,L21_V01,25776,bench,0.438,15,579,275,456,169
2095,L21_V01,25776,bench,0.4129,15,357,333,226,115
2096,L21_V01,25776,bench,0.3892,15,285,435,602,120
2097,L21_V01,25776,bench,0.3526,15,439,264,146,53
2098,L21_V01,25776,bench,0.3513,15,983,252,178,112
2099,L21_V01,25776,bench,0.3464,15,546,433,343,39
2100,L21_V01,25776,bench,0.3428,15,665,249,104,37
2101,L21_V01,25776,bench,0.3303,15,0,393,293,244
2102,L21_V01,25776,bench,0.3298,15,439,264,147,66
2103,L21_V01,25776,bench,0.3287,15,451,449,399,44
2104,L21_V01,25776,bench,0.3149,15,0,392,292,177
2105,L21_V01,25776,bench,0.3147,15,760,247,157,32
2106,L21_V01,25776,bench,0.3066,15,745,278,227,99
2107,L21_V01,25776,diningtable,0.5597,1,30,280,476,129
2108,L21_V01,25875,person,0.8573,17,697,517,33,40
2109,L21_V01,25875,person,0.802,17,734,518,31,38
2110,L21_V01,25875,person,0.7233,17,848,515,36,42
2111,L21_V01,25875,person,0.7223,17,766,525,28,32
2112,L21_V01,25875,person,0.6079,17,605,528,33,28
2113,L21_V01,25875,person,0.5975,17,640,518,21,38
2114,L21_V01,25875,person,0.5856,17,578,519,27,38
2115,L21_V01,25875,person,0.5057,17,40,553,39,85
2116,L21_V01,25875,person,0.4859,17,658,525,23,32
2117,L21_V01,25875,person,0.438,17,0,479,46,159
2118,L21_V01,25875,person,0.435,17,876,521,19,35
2119,L21_V01,25875,person,0.4174,17,1125,525,27,32
2120,L21_V01,25875,person,0.3972,17,988,524,29,32
2121,L21_V01,25875,person,0.3944,17,842,527,19,30
2122,L21_V01,25875,person,0.3564,17,625,524,20,32
2123,L21_V01,25875,person,0.3428,17,935,530,21,26
2124,L21_V01,25875,person,0.3205,17,200,519,29,37
2125,L21_V01,25931,spoon,0.8869,3,60,273,453,65
2126,L21_V01,25931,spoon,0.4282,3,733,218,385,120
2127,L21_V01,25931,spoon,0.3016,3,757,190,402,79
2128,L21_V01,25931,fork,0.8781,2,757,189,401,79
2129,L21_V01,25931,fork,0.7725,2,712,218,406,122
2130,L21_V01,25931,bowl,0.8669,4,377,0,407,164
2131,L21_V01,25931,bowl,0.4713,4,134,0,245,74
2132,L21_V01,25931,bowl,0.3678,4,328,386,895,253
2133,L21_V01,25931,bowl,0.3289,4,5,193,508,290
2134,L21_V01,25931,knife,0.8007,1,50,338,463,22
2135,L21_V01,25931,diningtable,0.7429,1,0,1,1279,638
2136,L21_V01,25932,spoon,0.873,4,59,273,453,64
2137,L21_V01,25932,spoon,0.4433,4,736,217,382,120
2138,L21_V01,25932,spoon,0.3315,4,711,218,406,122
2139,L21_V01,25932,spoon,0.309,4,757,190,402,78
2140,L21_V01,25932,fork,0.8617,3,757,189,401,79
2141,L21_V01,25932,fork,0.6948,3,711,218,406,122
2142,L21_V01,25932,fork,0.3293,3,710,227,336,119
2143,L21_V01,25932,bowl,0.8382,5,377,0,407,164
2144,L21_V01,25932,bowl,0.4641,5,133,0,246,74
2145,L21_V01,25932,bowl,0.4413,5,326,386,901,253
2146,L21_V01,25932,bowl,0.3716,5,613,97,665,308
2147,L21_V01,25932,bowl,0.3442,5,39,194,474,278
2148,L21_V01,25932,knife,0.8013,1,49,338,463,22
2149,L21_V01,25932,diningtable,0.7288,1,0,1,1279,639
2150,L21_V01,25976,chair,0.9338,16,527,403,232,235
2151,L21_V01,25976,chair,0.8077,16,929,404,156,235
2152,L21_V01,25976,chair,0.8065,16,1040,357,121,177
2153,L21_V01,25976,chair,0.6836,16,733,447,232,189
2154,L21_V01,25976,chair,0.6673,16,421,325,121,268
2155,L21_V01,25976,chair,0.5949,16,1217,328,62,102
2156,L21_V01,25976,chair,0.5387,16,1009,256,65,59
2157,L21_V01,25976,chair,0.5219,16,1067,289,60,57
2158,L21_V01,25976,chair,0.476,16,901,311,155,156
2159,L21_V01,25976,chair,0.4648,16,1149,337,63,124
2160,L21_V01,25976,chair,0.4583,16,467,292,86,153
2161,L21_V01,25976,chair,0.4259,16,946,252,45,17
2162,L21_V01,25976,chair,0.4251,16,1008,256,68,89
2163,L21_V01,25976,chair,0.3539,16,1177,286,38,53
2164,L21_V01,25976,chair,0.3471,16,852,266,158,52
2165,L21_V01,25976,chair,0.3464,16,795,446,171,156
2166,L21_V01,25976,pottedplant,0.7299,1,778,222,46,47
2167,L21_V01,25976,diningtable,0.5543,4,584,320,331,258
2168,L21_V01,25976,diningtable,0.3488,4,525,313,388,140
2169,L21_V01,25976,diningtable,0.3294,4,585,326,329,128
2170,L21_V01,25976,diningtable,0.32,4,411,307,506,271
2171,L21_V01,25976,tvmonitor,0.4273,3,852,266,158,52
2172,L21_V01,25976,tvmonitor,0.3994,3,905,311,151,104
2173,L21_V01,25976,tvmonitor,0.3379,3,1070,230,68,38
2174,L21_V01,25976,bench,0.4012,1,61,322,433,313
2175,L21_V01,26050,cake,0.4248,1,0,0,1278,637
2176,L21_V01,26050,pizza,0.3022,1,0,0,1278,637
2177,L21_V01,26051,bird,0.3016,1,992,518,110,70
2178,L21_V01,26098,person,0.9421,2,350,221,223,417
2179,L21_V01,26098,person,0.9323,2,215,178,160,459
2180,L21_V01,26098,boat,0.5508,4,608,264,136,54
2181,L21_V01,26098,boat,0.3824,4,672,270,75,49
2182,L21_V01,26098,boat,0.3572,4,674,294,70,24
2183,L21_V01,26098,boat,0.3513,4,622,300,58,18
2184,L21_V01,26099,person,0.9454,2,349,221,226,416
2185,L21_V01,26099,person,0.9351,2,214,177,160,460
2186,L21_V01,26099,boat,0.5588,4,608,264,137,53
2187,L21_V01,26099,boat,0.3677,4,671,271,75,47
2188,L21_V01,26099,boat,0.3414,4,673,294,71,24
2189,L21_V01,26099,boat,0.3267,4,622,300,58,18
2190,L21_V01,26158,car,0.3606,4,111,538,14,8
2191,L21_V01,26158,car,0.3513,4,157,541,16,8
2192,L21_V01,26158,car,0.3399,4,144,554,18,9
2193,L21_V01,26158,car,0.3076,4,136,552,25,10
2194,L21_V01,26207,person,0.3833,1,907,694,10,25
2195,L21_V01,26309,cake,0.6305,2,0,11,482,623
2196,L21_V01,26309,cake,0.3163,2,22,406,461,230
2197,L21_V01,26362,car,0.5252,3,1111,147,73,41
2198,L21_V01,26362,car,0.4296,3,1081,178,32,29
2199,L21_V01,26362,car,0.3065,3,992,166,45,31
2200,L21_V01,26362,vase,0.4679,1,555,73,200,468
2201,L21_V01,26362,truck,0.4291,1,1112,147,71,41
2202,L21_V01,26362,person,0.3523,1,442,179,21,42
2203,L21_V01,26412,person,0.8719,13,386,448,72,147
2204,L21_V01,26412,person,0.8551,13,520,367,30,80
2205,L21_V01,26412,person,0.8482,13,456,469,35,113
2206,L21_V01,26412,person,0.82,13,574,335,22,66
2207,L21_V01,26412,person,0.7888,13,457,365,31,95
2208,L21_V01,26412,person,0.5493,13,436,374,24,84
2209,L21_V01,26412,person,0.5387,13,608,342,17,51
2210,L21_V01,26412,person,0.5201,13,597,343,18,56
2211,L21_V01,26412,person,0.3827,13,1166,358,35,46
2212,L21_V01,26412,person,0.3644,13,384,600,113,119
2213,L21_V01,26412,person,0.3553,13,118,377,35,53
2214,L21_V01,26412,person,0.3176,13,622,345,24,79
2215,L21_V01,26412,person,0.3008,13,624,371,20,54
2216,L21_V01,26412,chair,0.6554,1,21,432,41,53
2217,L21_V01,26412,pottedplant,0.5354,4,659,474,285,156
2218,L21_V01,26412,pottedplant,0.3675,4,1153,543,126,96
2219,L21_V01,26412,pottedplant,0.3328,4,739,337,192,171
2220,L21_V01,26412,pottedplant,0.3069,4,1038,420,163,93
2221,L21_V01,26412,handbag,0.5178,3,370,466,42,73
2222,L21_V01,26412,handbag,0.376,3,384,466,28,54
2223,L21_V01,26412,handbag,0.3052,3,371,512,33,28
2224,L21_V01,26412,car,0.3317,1,947,300,108,84
2225,L21_V01,26463,person,0.961,12,487,168,788,470
2226,L21_V01,26463,person,0.7458,12,223,604,43,34
2227,L21_V01,26463,person,0.7094,12,462,600,44,39
2228,L21_V01,26463,person,0.5612,12,300,630,31,9
2229,L21_V01,26463,person,0.4897,12,301,690,53,29
2230,L21_V01,26463,person,0.4823,12,62,593,48,45
2231,L21_V01,26463,person,0.4681,12,118,597,73,41
2232,L21_V01,26463,person,0.4161,12,353,690,47,29
2233,L21_V01,26463,person,0.409,12,0,690,50,29
2234,L21_V01,26463,person,0.3955,12,410,690,68,29
2235,L21_V01,26463,person,0.3577,12,111,690,68,29
2236,L21_V01,26463,person,0.3289,12,144,604,49,34
2237,L21_V01,26463,traffic light,0.7695,1,753,146,54,96
2238,L21_V01,26463,cell phone,0.7501,1,690,270,104,100
2239,L21_V01,26551,person,0.9628,1,391,80,483,638
2240,L21_V01,26551,car,0.6693,2,57,432,139,28
2241,L21_V01,26551,car,0.3498,2,921,439,94,30
2242,L21_V01,26551,parking meter,0.3299,1,585,433,81,203
2243,L21_V01,26714,person,0.9676,2,254,142,354,396
2244,L21_V01,26714,person,0.9656,2,868,130,349,409
2245,L21_V01,26714,tie,0.8625,1,1000,334,42,155
2246,L21_V01,26714,car,0.4817,2,36,401,84,20
2247,L21_V01,26714,car,0.3282,2,649,402,101,25
2248,L21_V01,26788,person,0.9664,1,353,55,568,582
2249,L21_V01,26788,tie,0.9012,1,581,372,64,239
2250,L21_V01,27148,person,0.5848,2,574,464,30,50
2251,L21_V01,27148,person,0.426,2,429,494,16,20
2252,L21_V01,27148,boat,0.3248,1,0,5,1279,592
2253,L21_V01,27207,person,0.9285,1,678,125,305,431
2254,L21_V01,27207,pottedplant,0.7538,2,231,307,647,251
2255,L21_V01,27207,pottedplant,0.3508,2,226,307,752,411
2256,L21_V01,27207,diningtable,0.382,2,1,553,1143,165
2257,L21_V01,27207,diningtable,0.3008,2,132,553,1012,86
2258,L21_V01,27271,tie,0.9429,4,253,396,115,161
2259,L21_V01,27271,tie,0.9059,4,692,371,91,142
2260,L21_V01,27271,tie,0.8854,4,1086,347,62,211
2261,L21_V01,27271,tie,0.3442,4,463,297,32,38
2262,L21_V01,27271,person,0.9363,20,521,130,372,427
2263,L21_V01,27271,person,0.9078,20,18,151,389,486
2264,L21_V01,27271,person,0.9048,20,905,118,309,446
2265,L21_V01,27271,person,0.8825,20,797,121,214,298
2266,L21_V01,27271,person,0.8787,20,1117,108,161,312
2267,L21_V01,27271,person,0.8072,20,382,161,155,243
2268,L21_V01,27271,person,0.8056,20,285,155,130,237
2269,L21_V01,27271,person,0.7983,20,0,90,231,390
2270,L21_V01,27271,person,0.7803,20,456,131,115,201
2271,L21_V01,27271,person,0.6667,20,0,106,107,256
2272,L21_V01,27271,person,0.5376,20,492,134,147,248
2273,L21_V01,27271,person,0.4684,20,394,43,88,113
2274,L21_V01,27271,person,0.3901,20,1206,126,72,226
2275,L21_V01,27271,person,0.3734,20,1,91,229,544
2276,L21_V01,27271,person,0.36,20,629,0,97,126
2277,L21_V01,27271,person,0.3545,20,0,105,111,380
2278,L21_V01,27271,person,0.3382,20,1206,223,73,125
2279,L21_V01,27271,person,0.336,20,455,35,62,95
2280,L21_V01,27271,person,0.3219,20,142,16,47,47
2281,L21_V01,27271,person,0.3155,20,324,62,39,62
2282,L21_V01,27271,bottle,0.4686,2,1167,466,49,140
2283,L21_V01,27271,bottle,0.366,2,876,468,50,89
2284,L21_V01,27338,kite,0.7813,13,0,168,375,201
2285,L21_V01,27338,kite,0.6971,13,464,66,356,153
2286,L21_V01,27338,kite,0.5949,13,0,281,379,143
2287,L21_V01,27338,kite,0.5266,13,1047,199,72,50
2288,L21_V01,27338,kite,0.4756,13,599,198,201,150
2289,L21_V01,27338,kite,0.4714,13,1086,278,193,119
2290,L21_V01,27338,kite,0.4488,13,1085,278,194,185
2291,L21_V01,27338,kite,0.4442,13,778,0,433,150
2292,L21_V01,27338,kite,0.3821,13,456,195,348,172
2293,L21_V01,27338,kite,0.3711,13,456,64,363,302
2294,L21_V01,27338,kite,0.3395,13,598,148,211,201
2295,L21_V01,27338,kite,0.3368,13,855,0,340,149
2296,L21_V01,27338,kite,0.3353,13,0,167,380,257
2297,L21_V01,27338,person,0.5535,25,523,454,91,102
2298,L21_V01,27338,person,0.513,25,927,380,82,177
2299,L21_V01,27338,person,0.4987,25,695,476,79,81
2300,L21_V01,27338,person,0.4907,25,453,450,72,106
2301,L21_V01,27338,person,0.4816,25,618,464,75,92
2302,L21_V01,27338,person,0.4513,25,784,470,68,87
2303,L21_V01,27338,person,0.4499,25,994,440,82,116
2304,L21_V01,27338,person,0.4433,25,0,470,50,168
2305,L21_V01,27338,person,0.4358,25,1171,464,85,173
2306,L21_V01,27338,person,0.4286,25,169,500,41,57
2307,L21_V01,27338,person,0.4237,25,34,503,65,135
2308,L21_V01,27338,person,0.4229,25,296,481,54,76
2309,L21_V01,27338,person,0.3906,25,1072,482,50,74
2310,L21_V01,27338,person,0.3883,25,855,384,80,171
2311,L21_V01,27338,person,0.3838,25,898,477,59,80
2312,L21_V01,27338,person,0.3494,25,246,480,53,76
2313,L21_V01,27338,person,0.3415,25,1002,395,44,74
2314,L21_V01,27338,person,0.3363,25,891,305,50,74
2315,L21_V01,27338,person,0.3329,25,381,468,49,87
2316,L21_V01,27338,person,0.318,25,1060,437,39,82
2317,L21_V01,27338,person,0.3178,25,343,471,54,87
2318,L21_V01,27338,person,0.3127,25,711,428,38,49
2319,L21_V01,27338,person,0.3086,25,943,345,54,70
2320,L21_V01,27338,person,0.3023,25,592,316,71,116
2321,L21_V01,27338,person,0.3014,25,527,363,56,93
2322,L21_V01,27377,person,0.7751,22,1071,428,164,208
2323,L21_V01,27377,person,0.6617,22,200,399,69,136
2324,L21_V01,27377,person,0.6335,22,1176,508,74,132
2325,L21_V01,27377,person,0.5227,22,591,432,73,126
2326,L21_V01,27377,person,0.4662,22,656,504,45,53
2327,L21_V01,27377,person,0.4546,22,91,421,39,116
2328,L21_V01,27377,person,0.4474,22,760,437,52,66
2329,L21_V01,27377,person,0.392,22,1086,491,57,66
2330,L21_V01,27377,person,0.3892,22,322,424,34,87
2331,L21_V01,27377,person,0.3821,22,868,415,45,95
2332,L21_V01,27377,person,0.3817,22,904,419,35,93
2333,L21_V01,27377,person,0.368,22,322,424,34,87
2334,L21_V01,27377,person,0.3569,22,504,406,41,95
2335,L21_V01,27377,person,0.351,22,973,437,31,71
2336,L21_V01,27377,person,0.3447,22,766,407,40,46
2337,L21_V01,27377,person,0.3368,22,1042,397,42,140
2338,L21_V01,27377,person,0.3309,22,44,439,29,73
2339,L21_V01,27377,person,0.3231,22,1196,420,37,50
2340,L21_V01,27377,person,0.3156,22,179,419,31,90
2341,L21_V01,27377,person,0.3154,22,125,421,43,82
2342,L21_V01,27377,person,0.3147,22,559,503,41,54
2343,L21_V01,27377,person,0.3136,22,550,391,27,45
2344,L21_V01,27377,kite,0.6075,5,917,220,362,173
2345,L21_V01,27377,kite,0.4974,5,182,158,53,15
2346,L21_V01,27377,kite,0.392,5,1,154,498,191
2347,L21_V01,27377,kite,0.3738,5,525,40,202,70
2348,L21_V01,27377,kite,0.3197,5,522,37,274,310
2349,L21_V01,27416,person,0.9566,15,611,27,656,611
2350,L21_V01,27416,person,0.9403,15,49,68,564,568
2351,L21_V01,27416,person,0.8603,15,574,0,229,371
2352,L21_V01,27416,person,0.5241,15,1100,78,156,268
2353,L21_V01,27416,person,0.4339,15,0,0,152,412
2354,L21_V01,27416,person,0.4187,15,511,0,143,322
2355,L21_V01,27416,person,0.365,15,1188,0,91,208
2356,L21_V01,27416,person,0.362,15,0,0,154,333
2357,L21_V01,27416,person,0.3559,15,777,0,106,60
2358,L21_V01,27416,person,0.3474,15,354,0,106,90
2359,L21_V01,27416,person,0.334,15,513,48,113,274
2360,L21_V01,27416,person,0.3322,15,1187,0,91,598
2361,L21_V01,27416,person,0.3265,15,1188,0,90,335
2362,L21_V01,27416,person,0.3173,15,1088,64,180,533
2363,L21_V01,27416,person,0.307,15,517,0,137,176
2364,L21_V01,27416,tie,0.9082,2,345,406,58,151
2365,L21_V01,27416,tie,0.901,2,861,338,65,188
2366,L21_V01,27416,bottle,0.3893,2,890,525,50,32
2367,L21_V01,27416,bottle,0.3296,2,882,525,64,87
2368,L21_V01,27482,person,0.8431,8,483,77,421,479
2369,L21_V01,27482,person,0.7514,8,1,68,253,570
2370,L21_V01,27482,person,0.751,8,1117,362,163,279
2371,L21_V01,27482,person,0.5859,8,181,245,351,313
2372,L21_V01,27482,person,0.4655,8,741,394,167,164
2373,L21_V01,27482,person,0.4048,8,181,245,354,474
2374,L21_V01,27482,person,0.3045,8,880,373,86,101
2375,L21_V01,27482,person,0.3003,8,1118,361,162,358
2376,L21_V01,27482,cell phone,0.4665,2,655,242,45,68
2377,L21_V01,27482,cell phone,0.3554,2,621,196,38,37
2378,L21_V01,27482,umbrella,0.3166,1,894,0,275,351
2379,L21_V01,27527,traffic light,0.3977,5,1234,485,24,30
2380,L21_V01,27527,traffic light,0.3868,5,1213,602,22,23
2381,L21_V01,27527,traffic light,0.3697,5,953,689,26,29
2382,L21_V01,27527,traffic light,0.3481,5,1116,499,21,24
2383,L21_V01,27527,traffic light,0.3123,5,922,699,22,20
2384,L21_V01,27565,vase,0.5557,1,600,34,343,525
2385,L21_V01,27629,traffic light,0.5609,1,589,36,170,176
2386,L21_V01,27707,person,0.9203,4,1010,343,148,216
2387,L21_V01,27707,person,0.8744,4,101,339,125,208
2388,L21_V01,27707,person,0.7324,4,225,324,54,63
2389,L21_V01,27707,person,0.3486,4,219,324,64,225
2390,L21_V01,27707,chair,0.4932,1,1058,493,75,69
2391,L21_V01,27761,stop sign,0.5873,2,0,0,1279,719
2392,L21_V01,27761,stop sign,0.3157,2,2,0,1273,643
2393,L21_V01,27761,bus,0.4328,1,0,0,1279,719
2394,L21_V01,27761,train,0.3966,1,0,0,1279,719
2395,L21_V01,27808,person,0.6891,26,638,458,30,87
2396,L21_V01,27808,person,0.6594,26,495,465,23,78
2397,L21_V01,27808,person,0.6565,26,516,461,25,85
2398,L21_V01,27808,person,0.605,26,553,461,27,88
2399,L21_V01,27808,person,0.6031,26,703,466,25,84
2400,L21_V01,27808,person,0.5621,26,601,461,25,81
2401,L21_V01,27808,person,0.5267,26,581,465,24,79
2402,L21_V01,27808,person,0.5151,26,624,464,20,78
2403,L21_V01,27808,person,0.4976,26,168,523,60,113
2404,L21_V01,27808,person,0.4724,26,923,458,92,99
2405,L21_V01,27808,person,0.4714,26,388,460,28,81
2406,L21_V01,27808,person,0.4702,26,364,462,29,86
2407,L21_V01,27808,person,0.4678,26,472,458,26,84
2408,L21_V01,27808,person,0.4288,26,668,459,26,83
2409,L21_V01,27808,person,0.4214,26,804,460,27,96
2410,L21_V01,27808,person,0.4001,26,826,457,31,95
2411,L21_V01,27808,person,0.3948,26,534,466,21,77
2412,L21_V01,27808,person,0.3906,26,751,461,23,79
2413,L21_V01,27808,person,0.3873,26,732,466,23,73
2414,L21_V01,27808,person,0.3678,26,170,523,58,64
2415,L21_V01,27808,person,0.3609,26,683,461,24,82
2416,L21_V01,27808,person,0.3495,26,850,464,30,92
2417,L21_V01,27808,person,0.3469,26,779,467,25,77
2418,L21_V01,27808,person,0.3373,26,451,451,25,94
2419,L21_V01,27808,person,0.3035,26,452,451,34,92
2420,L21_V01,27808,person,0.3017,26,771,469,24,75
2421,L21_V01,27808,orange,0.4118,1,323,423,35,40
2422,L21_V01,27808,tvmonitor,0.3405,1,169,38,917,567
2423,L21_V01,27809,person,0.6946,24,638,458,30,86
2424,L21_V01,27809,person,0.6497,24,495,465,23,78
2425,L21_V01,27809,person,0.649,24,516,461,25,85
2426,L21_V01,27809,person,0.6124,24,553,461,28,88
2427,L21_V01,27809,person,0.5841,24,702,465,25,84
2428,L21_V01,27809,person,0.5603,24,600,461,25,81
2429,L21_V01,27809,person,0.5167,24,581,464,24,79
2430,L21_V01,27809,person,0.501,24,168,523,60,114
2431,L21_V01,27809,person,0.4992,24,623,464,20,78
2432,L21_V01,27809,person,0.4734,24,388,460,28,81
2433,L21_V01,27809,person,0.4645,24,363,462,29,86
2434,L21_V01,27809,person,0.4618,24,473,459,26,83
2435,L21_V01,27809,person,0.4304,24,923,457,92,100
2436,L21_V01,27809,person,0.4269,24,668,459,26,83
2437,L21_V01,27809,person,0.4251,24,804,460,27,96
2438,L21_V01,27809,person,0.4186,24,826,458,31,94
2439,L21_V01,27809,person,0.3846,24,534,466,21,77
2440,L21_V01,27809,person,0.3615,24,681,461,24,82
2441,L21_V01,27809,person,0.3615,24,850,464,30,92
2442,L21_V01,27809,person,0.3539,24,170,523,58,64
2443,L21_V01,27809,person,0.3505,24,741,462,27,77
2444,L21_V01,27809,person,0.3441,24,778,467,25,77
2445,L21_V01,27809,person,0.3409,24,451,451,25,94
2446,L21_V01,27809,person,0.3175,24,730,465,23,72
2447,L21_V01,27809,tvmonitor,0.346,1,169,37,926,572
2448,L21_V01,27809,orange,0.3089,1,323,423,35,40
2449,L21_V01,27876,person,0.9378,22,45,207,409,430
2450,L21_V01,27876,person,0.9233,22,379,184,392,441
2451,L21_V01,27876,person,0.8341,22,753,226,334,345
2452,L21_V01,27876,person,0.7578,22,741,188,132,252
2453,L21_V01,27876,person,0.6876,22,0,174,174,197
2454,L21_V01,27876,person,0.6293,22,558,127,114,200
2455,L21_V01,27876,person,0.6166,22,993,143,153,289
2456,L21_V01,27876,person,0.5648,22,273,59,139,145
2457,L21_V01,27876,person,0.5621,22,207,170,119,302
2458,L21_V01,27876,person,0.5081,22,634,64,118,132
2459,L21_V01,27876,person,0.5037,22,150,79,102,133
2460,L21_V01,27876,person,0.478,22,1099,159,145,207
2461,L21_V01,27876,person,0.4486,22,983,142,163,374
2462,L21_V01,27876,person,0.43,22,873,149,112,122
2463,L21_V01,27876,person,0.4098,22,0,56,146,255
2464,L21_V01,27876,person,0.4028,22,829,17,93,159
2465,L21_V01,27876,person,0.3683,22,391,42,128,146
2466,L21_V01,27876,person,0.3494,22,953,105,63,130
2467,L21_V01,27876,person,0.345,22,755,88,90,118
2468,L21_V01,27876,person,0.3145,22,898,1,101,154
2469,L21_V01,27876,person,0.3057,22,1166,41,97,111
2470,L21_V01,27876,person,0.3008,22,215,0,97,171
2471,L21_V01,27876,bottle,0.8841,5,1000,471,43,119
2472,L21_V01,27876,bottle,0.6909,5,1209,452,44,109
2473,L21_V01,27876,bottle,0.5385,5,247,599,54,39
2474,L21_V01,27876,bottle,0.4598,5,764,516,53,120
2475,L21_V01,27876,bottle,0.335,5,247,599,62,120
2476,L21_V01,27876,chair,0.8757,17,305,336,164,241
2477,L21_V01,27876,chair,0.8464,17,321,194,130,160
2478,L21_V01,27876,chair,0.7803,17,666,236,108,126
2479,L21_V01,27876,chair,0.567,17,0,418,76,220
2480,L21_V01,27876,chair,0.5561,17,628,188,73,59
2481,L21_V01,27876,chair,0.5046,17,0,355,127,282
2482,L21_V01,27876,chair,0.4741,17,1159,318,74,160
2483,L21_V01,27876,chair,0.4272,17,838,181,51,120
2484,L21_V01,27876,chair,0.405,17,1143,273,106,205
2485,L21_V01,27876,chair,0.3757,17,970,447,112,66
2486,L21_V01,27876,chair,0.3571,17,0,355,127,86
2487,L21_V01,27876,chair,0.3515,17,837,180,51,57
2488,L21_V01,27876,chair,0.3378,17,568,317,197,226
2489,L21_V01,27876,chair,0.3339,17,99,104,63,57
2490,L21_V01,27876,chair,0.3265,17,619,210,55,84
2491,L21_V01,27876,chair,0.3258,17,1087,224,43,35
2492,L21_V01,27876,chair,0.3017,17,575,5,66,44
2493,L21_V01,27876,tie,0.8334,1,919,393,27,118
2494,L21_V01,27876,cell phone,0.4761,2,727,422,65,48
2495,L21_V01,27876,cell phone,0.4287,2,709,421,86,69
2496,L21_V01,27876,pottedplant,0.3967,1,533,538,270,100
2497,L21_V01,27949,person,0.8446,18,650,277,28,96
2498,L21_V01,27949,person,0.8059,18,425,283,31,82
2499,L21_V01,27949,person,0.7886,18,569,283,30,72
2500,L21_V01,27949,person,0.7819,18,748,271,36,86
2501,L21_V01,27949,person,0.7375,18,334,284,39,89
2502,L21_V01,27949,person,0.7117,18,816,269,30,84
2503,L21_V01,27949,person,0.7086,18,702,268,40,83
2504,L21_V01,27949,person,0.6734,18,621,272,31,84
2505,L21_V01,27949,person,0.6622,18,313,286,27,84
2506,L21_V01,27949,person,0.6425,18,374,284,30,72
2507,L21_V01,27949,person,0.6347,18,861,363,39,103
2508,L21_V01,27949,person,0.5119,18,788,345,26,23
2509,L21_V01,27949,person,0.4836,18,675,270,28,82
2510,L21_V01,27949,person,0.4313,18,481,299,13,21
2511,L21_V01,27949,person,0.3946,18,317,351,24,23
2512,L21_V01,27949,person,0.3743,18,611,300,19,54
2513,L21_V01,27949,person,0.3401,18,915,344,26,23
2514,L21_V01,27949,person,0.3305,18,361,291,25,79
2515,L21_V01,27949,boat,0.3819,1,901,157,31,12
2516,L21_V01,27949,chair,0.3119,1,247,356,52,17
2517,L21_V01,27949,diningtable,0.3032,1,1198,464,81,64
2518,L21_V01,27949,tvmonitor,0.3014,1,2,74,1234,557
2519,L21_V01,28020,person,0.7099,19,532,257,114,206
2520,L21_V01,28020,person,0.6878,19,744,230,342,326
2521,L21_V01,28020,person,0.6351,19,449,391,366,327
2522,L21_V01,28020,person,0.5863,19,150,339,146,218
2523,L21_V01,28020,person,0.5376,19,744,225,337,493
2524,L21_V01,28020,person,0.5167,19,0,284,91,435
2525,L21_V01,28020,person,0.485,19,145,338,155,381
2526,L21_V01,28020,person,0.4197,19,528,355,185,131
2527,L21_V01,28020,person,0.4161,19,450,394,361,164
2528,L21_V01,28020,person,0.4052,19,0,284,90,341
2529,L21_V01,28020,person,0.3724,19,151,266,157,292
2530,L21_V01,28020,person,0.3612,19,192,267,119,183
2531,L21_V01,28020,person,0.3505,19,1138,214,141,425
2532,L21_V01,28020,person,0.3483,19,744,223,249,124
2533,L21_V01,28020,person,0.3468,19,0,287,90,223
2534,L21_V01,28020,person,0.3337,19,147,267,188,452
2535,L21_V01,28020,person,0.3293,19,531,257,131,299
2536,L21_V01,28020,person,0.3262,19,572,690,213,30
2537,L21_V01,28020,person,0.3036,19,922,222,67,90
2538,L21_V01,28091,person,0.829,19,1010,397,67,160
2539,L21_V01,28091,person,0.8273,19,929,405,77,151
2540,L21_V01,28091,person,0.8266,19,868,391,78,166
2541,L21_V01,28091,person,0.8144,19,477,385,72,172
2542,L21_V01,28091,person,0.7276,19,1077,392,96,183
2543,L21_V01,28091,person,0.707,19,165,418,70,138
2544,L21_V01,28091,person,0.6945,19,234,399,74,159
2545,L21_V01,28091,person,0.6321,19,1162,397,84,215
2546,L21_V01,28091,person,0.6173,19,72,409,61,184
2547,L21_V01,28091,person,0.5916,19,3,396,69,195
2548,L21_V01,28091,person,0.5803,19,420,455,54,101
2549,L21_V01,28091,person,0.5719,19,735,396,63,160
2550,L21_V01,28091,person,0.5248,19,704,388,51,167
2551,L21_V01,28091,person,0.4232,19,137,418,48,139
2552,L21_V01,28091,person,0.4131,19,123,387,43,171
2553,L21_V01,28091,person,0.384,19,788,393,78,163
2554,L21_V01,28091,person,0.3221,19,791,339,85,218
2555,L21_V01,28091,person,0.319,19,680,407,53,149
2556,L21_V01,28091,person,0.3159,19,765,395,38,160
2557,L21_V01,28091,bird,0.7133,26,845,19,26,21
2558,L21_V01,28091,bird,0.6705,26,894,55,28,19
2559,L21_V01,28091,bird,0.6473,26,679,48,24,13
2560,L21_V01,28091,bird,0.6422,26,943,39,28,16
2561,L21_V01,28091,bird,0.5969,26,714,69,23,16
2562,L21_V01,28091,bird,0.5832,26,478,163,28,17
2563,L21_V01,28091,bird,0.5652,26,799,112,19,14
2564,L21_V01,28091,bird,0.5484,26,815,62,23,10
2565,L21_V01,28091,bird,0.5365,26,367,157,20,23
2566,L21_V01,28091,bird,0.4756,26,992,77,27,15
2567,L21_V01,28091,bird,0.473,26,862,72,23,9
2568,L21_V01,28091,bird,0.4716,26,992,78,27,15
2569,L21_V01,28091,bird,0.4508,26,773,98,21,10
2570,L21_V01,28091,bird,0.45,26,919,107,19,10
2571,L21_V01,28091,bird,0.442,26,720,106,17,8
2572,L21_V01,28091,bird,0.4361,26,867,117,19,7
2573,L21_V01,28091,bird,0.4231,26,827,95,22,9
2574,L21_V01,28091,bird,0.41,26,695,102,17,10
2575,L21_V01,28091,bird,0.4065,26,751,118,16,9
2576,L21_V01,28091,bird,0.4006,26,745,73,13,8
2577,L21_V01,28091,bird,0.3942,26,880,83,17,11
2578,L21_V01,28091,bird,0.3726,26,732,90,14,7
2579,L21_V01,28091,bird,0.3608,26,1043,74,17,11
2580,L21_V01,28091,bird,0.3574,26,945,72,19,8
2581,L21_V01,28091,bird,0.3336,26,952,96,17,10
2582,L21_V01,28091,bird,0.305,26,782,89,16,7
2583,L21_V01,28091,boat,0.6826,4,371,209,41,17
2584,L21_V01,28091,boat,0.5578,4,450,175,46,31
2585,L21_V01,28091,boat,0.3775,4,451,188,45,18
2586,L21_V01,28091,boat,0.3086,4,523,197,19,7
2587,L21_V01,28091,backpack,0.3441,1,453,421,34,45
2588,L21_V01,28165,person,0.9612,1,242,126,537,432
2589,L21_V01,28165,tennis racket,0.3173,1,329,335,225,221
2590,L21_V01,28232,person,0.9322,2,650,89,363,469
2591,L21_V01,28232,person,0.8888,2,257,79,439,478
2592,L21_V01,28232,cell phone,0.5132,1,482,268,49,76
2593,L21_V01,28305,person,0.9634,21,142,111,461,525
2594,L21_V01,28305,person,0.9332,21,506,108,319,396
2595,L21_V01,28305,person,0.888,21,127,124,169,189
2596,L21_V01,28305,person,0.8311,21,766,141,211,261
2597,L21_V01,28305,person,0.7423,21,996,136,208,267
2598,L21_V01,28305,person,0.7177,21,3,114,135,189
2599,L21_V01,28305,person,0.6495,21,954,67,93,106
2600,L21_V01,28305,person,0.5773,21,0,209,112,286
2601,L21_V01,28305,person,0.527,21,740,142,67,74
2602,L21_V01,28305,person,0.4997,21,475,81,77,128
2603,L21_V01,28305,person,0.4777,21,991,163,62,130
2604,L21_V01,28305,person,0.4714,21,932,163,76,133
2605,L21_V01,28305,person,0.4707,21,1042,157,45,80
2606,L21_V01,28305,person,0.4689,21,1137,297,142,342
2607,L21_V01,28305,person,0.4205,21,932,163,80,200
2608,L21_V01,28305,person,0.407,21,236,119,52,95
2609,L21_V01,28305,person,0.4057,21,94,118,83,87
2610,L21_V01,28305,person,0.3942,21,1237,184,42,121
2611,L21_V01,28305,person,0.388,21,475,81,84,198
2612,L21_V01,28305,person,0.3284,21,932,163,68,93
2613,L21_V01,28305,person,0.3245,21,1174,165,65,143
2614,L21_V01,28305,bottle,0.8133,2,972,382,50,66
2615,L21_V01,28305,bottle,0.6491,2,650,549,64,89
2616,L21_V01,28305,laptop,0.6853,6,1038,252,151,61
2617,L21_V01,28305,laptop,0.641,6,643,365,282,155
2618,L21_V01,28305,laptop,0.5769,6,1169,299,81,125
2619,L21_V01,28305,laptop,0.4306,6,1175,305,88,40
2620,L21_V01,28305,laptop,0.3528,6,583,364,346,235
2621,L21_V01,28305,laptop,0.322,6,1170,301,90,185
2622,L21_V01,28305,chair,0.6249,13,887,486,317,153
2623,L21_V01,28305,chair,0.5306,13,738,213,59,53
2624,L21_V01,28305,chair,0.5231,13,733,213,64,75
2625,L21_V01,28305,chair,0.4983,13,77,246,68,79
2626,L21_V01,28305,chair,0.4928,13,0,466,185,172
2627,L21_V01,28305,chair,0.4716,13,132,311,72,48
2628,L21_V01,28305,chair,0.4082,13,449,146,34,48
2629,L21_V01,28305,chair,0.4039,13,130,311,74,101
2630,L21_V01,28305,chair,0.3966,13,77,246,70,210
2631,L21_V01,28305,chair,0.3955,13,1013,486,190,152
2632,L21_V01,28305,chair,0.3724,13,738,286,36,47
2633,L21_V01,28305,chair,0.3353,13,20,254,37,50
2634,L21_V01,28305,chair,0.3039,13,474,284,57,32
2635,L21_V01,28305,cup,0.5064,1,718,594,74,45
2636,L21_V01,28305,diningtable,0.3197,2,788,147,50,37
2637,L21_V01,28305,diningtable,0.3139,2,479,368,766,268
2638,L21_V01,28305,book,0.3002,1,1058,477,94,38
2639,L21_V01,28376,person,0.9171,5,494,111,409,528
2640,L21_V01,28376,person,0.9119,5,108,133,469,505
2641,L21_V01,28376,person,0.8977,5,1044,82,236,557
2642,L21_V01,28376,person,0.8873,5,833,73,224,567
2643,L21_V01,28376,person,0.5587,5,605,218,64,92
2644,L21_V01,28376,remote,0.4494,4,1139,234,41,75
2645,L21_V01,28376,remote,0.4432,4,661,321,41,160
2646,L21_V01,28376,remote,0.3146,4,495,295,42,42
2647,L21_V01,28376,remote,0.3109,4,1147,234,25,26
2648,L21_V01,28376,handbag,0.3365,4,857,374,103,145
2649,L21_V01,28376,handbag,0.3341,4,855,218,115,300
2650,L21_V01,28376,handbag,0.3266,4,855,226,160,291
2651,L21_V01,28376,handbag,0.3096,4,855,217,123,300
2652,L21_V01,28376,cell phone,0.3325,1,671,321,31,74
2653,L21_V01,28447,person,0.5484,8,678,495,64,67
2654,L21_V01,28447,person,0.4457,8,409,532,78,98
2655,L21_V01,28447,person,0.3973,8,736,385,34,77
2656,L21_V01,28447,person,0.3691,8,471,395,27,68
2657,L21_V01,28447,person,0.3571,8,944,501,45,40
2658,L21_V01,28447,person,0.3468,8,993,496,58,126
2659,L21_V01,28447,person,0.335,8,1065,489,89,145
2660,L21_V01,28447,person,0.3063,8,941,501,52,51
2661,L21_V01,28536,person,0.83,16,898,219,158,420
2662,L21_V01,28536,person,0.8267,16,1014,182,143,457
2663,L21_V01,28536,person,0.8017,16,1202,214,76,424
2664,L21_V01,28536,person,0.7682,16,395,87,111,458
2665,L21_V01,28536,person,0.753,16,300,179,144,460
2666,L21_V01,28536,person,0.7125,16,721,134,135,504
2667,L21_V01,28536,person,0.6245,16,623,302,163,338
2668,L21_V01,28536,person,0.623,16,653,109,92,211
2669,L21_V01,28536,person,0.5855,16,623,302,163,417
2670,L21_V01,28536,person,0.5615,16,563,226,110,414
2671,L21_V01,28536,person,0.5515,16,878,93,177,240
2672,L21_V01,28536,person,0.4939,16,880,92,104,241
2673,L21_V01,28536,person,0.3844,16,552,237,101,483
2674,L21_V01,28536,person,0.3216,16,879,92,180,543
2675,L21_V01,28536,person,0.3065,16,880,93,105,214
2676,L21_V01,28536,person,0.3034,16,877,92,107,515
2677,L21_V01,28536,cell phone,0.3095,1,674,362,19,18
2678,L21_V01,28536,tennis racket,0.3072,1,492,42,260,71
2679,L21_V01,28573,stop sign,0.4952,3,0,0,1279,719
2680,L21_V01,28573,stop sign,0.4456,3,209,0,931,640
2681,L21_V01,28573,stop sign,0.3878,3,209,0,1064,642
2682,L21_V01,28573,train,0.4145,1,0,0,1279,719
2683,L21_V01,28573,bus,0.3851,1,0,0,1279,719
2684,L21_V01,28620,person,0.8913,21,947,471,162,168
2685,L21_V01,28620,person,0.8781,21,182,470,149,169
2686,L21_V01,28620,person,0.8491,21,591,419,68,162
2687,L21_V01,28620,person,0.8357,21,900,386,86,212
2688,L21_V01,28620,person,0.8064,21,1082,524,145,114
2689,L21_V01,28620,person,0.7888,21,1,462,200,176
2690,L21_V01,28620,person,0.6566,21,1054,442,52,100
2691,L21_V01,28620,person,0.6344,21,0,477,99,143
2692,L21_V01,28620,person,0.5958,21,329,443,61,123
2693,L21_V01,28620,person,0.4372,21,1133,494,100,112
2694,L21_V01,28620,person,0.4267,21,988,445,37,68
2695,L21_V01,28620,person,0.4176,21,1040,443,28,32
2696,L21_V01,28620,person,0.3882,21,992,446,32,42
2697,L21_V01,28620,person,0.3617,21,1159,439,39,39
2698,L21_V01,28620,person,0.3589,21,390,473,78,102
2699,L21_V01,28620,person,0.3582,21,1091,443,33,53
2700,L21_V01,28620,person,0.3399,21,1122,444,34,55
2701,L21_V01,28620,person,0.3348,21,270,441,54,109
2702,L21_V01,28620,person,0.3302,21,1162,439,33,30
2703,L21_V01,28620,person,0.315,21,1099,443,56,98
2704,L21_V01,28620,person,0.3128,21,816,577,94,61
2705,L21_V01,28620,pottedplant,0.3267,1,766,494,138,66
2706,L21_V01,28620,handbag,0.3263,1,882,425,39,87
2707,L21_V01,28620,cell phone,0.3062,1,120,473,26,44
2708,L21_V01,28621,person,0.8901,22,947,471,162,168
2709,L21_V01,28621,person,0.8807,22,591,418,64,163
2710,L21_V01,28621,person,0.8782,22,182,469,149,169
2711,L21_V01,28621,person,0.8392,22,901,386,85,212
2712,L21_V01,28621,person,0.7848,22,1082,524,145,114
2713,L21_V01,28621,person,0.7796,22,1,462,201,176
2714,L21_V01,28621,person,0.6575,22,1055,442,52,100
2715,L21_V01,28621,person,0.6355,22,329,443,65,125
2716,L21_V01,28621,person,0.6273,22,0,478,99,142
2717,L21_V01,28621,person,0.4488,22,1133,493,99,111
2718,L21_V01,28621,person,0.4228,22,1040,443,28,32
2719,L21_V01,28621,person,0.3976,22,992,445,33,42
2720,L21_V01,28621,person,0.3835,22,988,445,36,70
2721,L21_V01,28621,person,0.3725,22,393,473,75,101
2722,L21_V01,28621,person,0.3662,22,1158,439,39,39
2723,L21_V01,28621,person,0.3517,22,1091,443,33,53
2724,L21_V01,28621,person,0.3432,22,269,441,55,111
2725,L21_V01,28621,person,0.3333,22,816,577,94,61
2726,L21_V01,28621,person,0.333,22,1122,444,34,55
2727,L21_V01,28621,person,0.3306,22,1162,439,33,31
2728,L21_V01,28621,person,0.3253,22,1098,443,57,99
2729,L21_V01,28621,person,0.302,22,1092,443,28,29
2730,L21_V01,28621,handbag,0.3723,2,882,424,39,88
2731,L21_V01,28621,handbag,0.3367,2,882,481,35,32
2732,L21_V01,28621,pottedplant,0.3195,1,765,494,138,65
2733,L21_V01,28621,cell phone,0.3079,1,120,473,26,45
2734,L21_V01,28728,person,0.7932,7,217,127,665,429
2735,L21_V01,28728,person,0.3798,7,1173,476,106,162
2736,L21_V01,28728,person,0.3723,7,1181,186,99,300
2737,L21_V01,28728,person,0.3532,7,125,93,388,463
2738,L21_V01,28728,person,0.3415,7,1206,238,73,150
2739,L21_V01,28728,person,0.3349,7,1156,0,123,240
2740,L21_V01,28728,person,0.3121,7,1145,476,134,163
2741,L21_V01,28836,tie,0.9524,4,1017,332,186,307
2742,L21_V01,28836,tie,0.3829,4,289,304,62,71
2743,L21_V01,28836,tie,0.3252,4,309,274,84,119
2744,L21_V01,28836,tie,0.3049,4,349,305,31,85
2745,L21_V01,28836,person,0.9204,13,809,98,451,540
2746,L21_V01,28836,person,0.9176,13,454,101,367,456
2747,L21_V01,28836,person,0.8678,13,713,0,223,452
2748,L21_V01,28836,person,0.8399,13,1068,0,210,356
2749,L21_V01,28836,person,0.7782,13,18,80,428,482
2750,L21_V01,28836,person,0.7535,13,289,76,203,398
2751,L21_V01,28836,person,0.7388,13,313,0,366,348
2752,L21_V01,28836,person,0.7373,13,0,66,161,320
2753,L21_V01,28836,person,0.455,13,286,75,206,482
2754,L21_V01,28836,person,0.3691,13,314,0,357,170
2755,L21_V01,28836,person,0.323,13,216,0,87,97
2756,L21_V01,28836,person,0.3183,13,6,0,234,103
2757,L21_V01,28836,person,0.3064,13,0,81,72,205
2758,L21_V01,28836,pottedplant,0.6472,3,2,414,302,224
2759,L21_V01,28836,pottedplant,0.4009,3,1147,289,132,258
2760,L21_V01,28836,pottedplant,0.3966,3,1146,290,133,347
2761,L21_V01,28901,person,0.8239,1,436,430,107,126
2762,L21_V01,28901,pottedplant,0.3286,1,235,255,221,302
2763,L21_V01,28977,person,0.8795,1,166,110,317,448
2764,L21_V01,28977,pottedplant,0.4127,1,0,0,231,639
2765,L21_V01,29056,person,0.9202,2,618,137,490,420
2766,L21_V01,29056,person,0.8477,2,9,146,592,491
2767,L21_V01,29056,cell phone,0.4912,1,1100,374,83,62
2768,L21_V01,29056,laptop,0.3634,1,716,476,190,82
2769,L21_V01,29127,person,0.9325,2,197,193,285,444
2770,L21_V01,29127,person,0.92,2,586,91,411,548
2771,L21_V01,29127,cell phone,0.6661,2,282,306,43,34
2772,L21_V01,29127,cell phone,0.3221,2,720,464,27,25
2773,L21_V01,29202,person,0.9356,1,291,79,581,557
2774,L21_V01,29202,toothbrush,0.5897,1,582,325,122,279
2775,L21_V01,29202,chair,0.4707,1,176,516,202,121
2776,L21_V01,29202,wine glass,0.4632,2,740,110,164,355
2777,L21_V01,29202,wine glass,0.3242,2,736,110,175,526
2778,L21_V01,29202,pottedplant,0.4411,2,0,3,210,633
2779,L21_V01,29202,pottedplant,0.3317,2,0,87,208,550
2780,L21_V01,29202,baseball bat,0.3017,1,582,325,122,279
2781,L21_V01,29273,person,0.8193,26,422,247,287,390
2782,L21_V01,29273,person,0.6078,26,613,237,370,400
2783,L21_V01,29273,person,0.5848,26,0,156,175,480
2784,L21_V01,29273,person,0.5818,26,109,177,133,117
2785,L21_V01,29273,person,0.5558,26,1042,219,143,205
2786,L21_V01,29273,person,0.5326,26,331,166,173,367
2787,L21_V01,29273,person,0.528,26,1118,197,160,199
2788,L21_V01,29273,person,0.4802,26,82,256,394,381
2789,L21_V01,29273,person,0.4747,26,212,55,123,214
2790,L21_V01,29273,person,0.4733,26,306,153,94,174
2791,L21_V01,29273,person,0.4659,26,654,46,113,182
2792,L21_V01,29273,person,0.437,26,299,78,96,109
2793,L21_V01,29273,person,0.4347,26,78,256,629,382
2794,L21_V01,29273,person,0.4254,26,77,256,629,381
2795,L21_V01,29273,person,0.4122,26,488,136,78,99
2796,L21_V01,29273,person,0.3909,26,839,252,375,385
2797,L21_V01,29273,person,0.3696,26,1191,125,86,85
2798,L21_V01,29273,person,0.3668,26,839,252,201,210
2799,L21_V01,29273,person,0.3639,26,564,202,80,160
2800,L21_V01,29273,person,0.3598,26,522,94,86,120
2801,L21_V01,29273,person,0.3401,26,579,109,82,116
2802,L21_V01,29273,person,0.3371,26,1085,137,111,88
2803,L21_V01,29273,person,0.3308,26,58,29,133,164
2804,L21_V01,29273,person,0.3275,26,381,124,72,149
2805,L21_V01,29273,person,0.3164,26,79,256,629,382
2806,L21_V01,29273,person,0.3093,26,410,167,93,113
2807,L21_V01,29273,handbag,0.3471,1,75,116,83,75
2808,L21_V01,29273,umbrella,0.3368,2,140,0,210,44
2809,L21_V01,29273,umbrella,0.3272,2,762,0,383,181
2810,L21_V01,29273,chair,0.3225,1,1150,413,129,223
2811,L21_V01,29274,person,0.8679,22,81,256,546,381
2812,L21_V01,29274,person,0.7634,22,421,248,289,389
2813,L21_V01,29274,person,0.6781,22,603,237,391,400
2814,L21_V01,29274,person,0.6336,22,0,156,174,480
2815,L21_V01,29274,person,0.631,22,1036,220,149,229
2816,L21_V01,29274,person,0.6026,22,109,177,133,117
2817,L21_V01,29274,person,0.5595,22,331,165,174,372
2818,L21_V01,29274,person,0.5446,22,1122,196,156,217
2819,L21_V01,29274,person,0.5038,22,306,153,99,173
2820,L21_V01,29274,person,0.4797,22,212,56,124,213
2821,L21_V01,29274,person,0.4711,22,651,45,113,185
2822,L21_V01,29274,person,0.4455,22,832,252,414,386
2823,L21_V01,29274,person,0.4435,22,299,78,95,109
2824,L21_V01,29274,person,0.4035,22,488,136,77,99
2825,L21_V01,29274,person,0.3754,22,1192,124,85,84
2826,L21_V01,29274,person,0.3662,22,523,94,83,121
2827,L21_V01,29274,person,0.3534,22,565,202,79,157
2828,L21_V01,29274,person,0.3387,22,59,29,133,164
2829,L21_V01,29274,person,0.3351,22,1081,136,114,89
2830,L21_V01,29274,person,0.3272,22,381,124,69,147
2831,L21_V01,29274,person,0.3209,22,409,165,94,116
2832,L21_V01,29274,person,0.3167,22,836,251,198,212
2833,L21_V01,29274,chair,0.3766,1,1150,412,128,224
2834,L21_V01,29274,umbrella,0.3686,2,762,0,382,180
2835,L21_V01,29274,umbrella,0.3591,2,140,0,211,44
2836,L21_V01,29274,cell phone,0.3539,1,620,344,75,79
2837,L21_V01,29274,handbag,0.3438,1,74,116,84,75
2838,L21_V01,29335,person,0.8802,17,575,477,79,145
2839,L21_V01,29335,person,0.7934,17,333,473,75,148
2840,L21_V01,29335,person,0.6561,17,251,481,49,124
2841,L21_V01,29335,person,0.5742,17,1084,458,58,79
2842,L21_V01,29335,person,0.561,17,1053,462,38,46
2843,L21_V01,29335,person,0.5047,17,996,467,67,118
2844,L21_V01,29335,person,0.4918,17,1157,456,53,93
2845,L21_V01,29335,person,0.467,17,1135,455,35,47
2846,L21_V01,29335,person,0.4306,17,194,473,61,145
2847,L21_V01,29335,person,0.3934,17,210,473,37,76
2848,L21_V01,29335,person,0.391,17,969,436,35,64
2849,L21_V01,29335,person,0.3409,17,982,436,23,57
2850,L21_V01,29335,person,0.33,17,1038,459,22,37
2851,L21_V01,29335,person,0.3291,17,1221,454,52,68
2852,L21_V01,29335,person,0.3267,17,1035,458,38,48
2853,L21_V01,29335,person,0.3228,17,1053,461,42,67
2854,L21_V01,29335,person,0.302,17,290,470,42,54
2855,L21_V01,29335,pottedplant,0.7628,4,395,366,136,239
2856,L21_V01,29335,pottedplant,0.3794,4,870,370,92,133
2857,L21_V01,29335,pottedplant,0.3758,4,684,308,118,214
2858,L21_V01,29335,pottedplant,0.3098,4,524,419,59,100
2859,L21_V01,29335,tvmonitor,0.5789,1,1036,387,202,103
2860,L21_V01,29335,chair,0.3189,1,985,573,42,64
2861,L21_V01,29388,person,0.9213,5,379,142,374,495
2862,L21_V01,29388,person,0.5887,5,1014,376,138,114
2863,L21_V01,29388,person,0.3263,5,636,224,87,95
2864,L21_V01,29388,person,0.316,5,694,207,51,73
2865,L21_V01,29388,person,0.3077,5,1188,367,88,118
2866,L21_V01,29466,person,0.7462,1,49,71,1054,567
2867,L21_V01,29573,person,0.9054,3,170,124,426,481
2868,L21_V01,29573,person,0.3414,3,956,329,109,139
2869,L21_V01,29573,person,0.3158,3,123,318,69,81
2870,L21_V01,29573,tie,0.8439,1,360,332,43,152
2871,L21_V01,29573,bird,0.7469,1,589,49,611,352
2872,L21_V01,29574,person,0.9521,1,119,124,477,513
2873,L21_V01,29574,tie,0.8685,1,360,332,44,158
2874,L21_V01,29574,bird,0.8634,1,590,49,612,349
2875,L21_V01,29574,cell phone,0.5251,1,314,528,126,54
2876,L21_V01,30524,person,0.4745,9,902,429,47,103
2877,L21_V01,30524,person,0.4289,9,186,136,261,332
2878,L21_V01,30524,person,0.3981,9,440,557,65,80
2879,L21_V01,30524,person,0.3945,9,683,451,41,68
2880,L21_V01,30524,person,0.393,9,179,134,305,499
2881,L21_V01,30524,person,0.3733,9,617,453,54,75
2882,L21_V01,30524,person,0.3455,9,186,137,262,332
2883,L21_V01,30524,person,0.3051,9,501,544,78,92
2884,L21_V01,30524,person,0.3025,9,766,441,46,62
2885,L21_V01,30524,tvmonitor,0.4509,2,181,42,1097,595
2886,L21_V01,30524,tvmonitor,0.3826,2,0,3,1279,713
2887,L21_V01,30549,person,0.9375,1,436,147,373,397
2888,L21_V01,30549,chair,0.4193,1,387,531,470,188
2889,L21_V01,30550,person,0.9342,1,436,147,373,397
2890,L21_V01,30550,chair,0.3875,1,387,530,470,189
2891,L21_V01,30550,tvmonitor,0.3441,1,387,531,469,107
2892,L21_V01,30606,person,0.9263,18,899,46,376,591
2893,L21_V01,30606,person,0.8981,18,525,122,456,515
2894,L21_V01,30606,person,0.8354,18,80,55,255,361
2895,L21_V01,30606,person,0.8204,18,104,177,366,458
2896,L21_V01,30606,person,0.7527,18,662,22,333,320
2897,L21_V01,30606,person,0.749,18,475,1,247,579
2898,L21_V01,30606,person,0.5075,18,415,143,98,93
2899,L21_V01,30606,person,0.4924,18,408,229,104,408
2900,L21_V01,30606,person,0.4919,18,192,0,184,176
2901,L21_V01,30606,person,0.4619,18,0,97,160,418
2902,L21_V01,30606,person,0.4527,18,1111,0,165,254
2903,L21_V01,30606,person,0.4367,18,480,0,241,636
2904,L21_V01,30606,person,0.4356,18,0,98,154,530
2905,L21_V01,30606,person,0.4119,18,816,0,161,101
2906,L21_V01,30606,person,0.3915,18,946,0,323,253
2907,L21_V01,30606,person,0.3275,18,1,0,121,136
2908,L21_V01,30606,person,0.3178,18,0,0,71,120
2909,L21_V01,30606,person,0.3045,18,662,21,281,164
2910,L21_V01,30606,bottle,0.8892,10,1154,403,88,235
2911,L21_V01,30606,bottle,0.7874,10,0,365,63,273
2912,L21_V01,30606,bottle,0.5852,10,1064,595,91,124
2913,L21_V01,30606,bottle,0.4465,10,35,379,82,258
2914,L21_V01,30606,bottle,0.4379,10,1202,302,62,121
2915,L21_V01,30606,bottle,0.4361,10,1202,301,76,192
2916,L21_V01,30606,bottle,0.4279,10,1086,595,51,44
2917,L21_V01,30606,bottle,0.4034,10,1200,302,77,334
2918,L21_V01,30606,bottle,0.3788,10,584,623,76,96
2919,L21_V01,30606,bottle,0.3663,10,0,365,114,272
2920,L21_V01,30641,person,0.8389,27,297,332,60,179
2921,L21_V01,30641,person,0.7495,27,565,320,45,152
2922,L21_V01,30641,person,0.6723,27,500,338,53,115
2923,L21_V01,30641,person,0.6495,27,390,415,71,110
2924,L21_V01,30641,person,0.6423,27,348,324,41,164
2925,L21_V01,30641,person,0.6119,27,635,445,52,86
2926,L21_V01,30641,person,0.5943,27,583,410,52,144
2927,L21_V01,30641,person,0.5932,27,469,417,61,112
2928,L21_V01,30641,person,0.5893,27,453,324,50,131
2929,L21_V01,30641,person,0.5639,27,871,430,60,125
2930,L21_V01,30641,person,0.5382,27,829,430,54,87
2931,L21_V01,30641,person,0.4744,27,452,493,77,64
2932,L21_V01,30641,person,0.4691,27,1075,501,62,56
2933,L21_V01,30641,person,0.4678,27,1007,510,42,46
2934,L21_V01,30641,person,0.4432,27,39,472,82,148
2935,L21_V01,30641,person,0.4031,27,218,493,50,64
2936,L21_V01,30641,person,0.3999,27,810,509,46,47
2937,L21_V01,30641,person,0.3891,27,14,542,82,97
2938,L21_V01,30641,person,0.3748,27,1201,558,65,81
2939,L21_V01,30641,person,0.3642,27,722,500,47,55
2940,L21_V01,30641,person,0.3608,27,955,520,45,36
2941,L21_V01,30641,person,0.343,27,173,509,50,48
2942,L21_V01,30641,person,0.3399,27,1225,455,54,105
2943,L21_V01,30641,person,0.3357,27,306,489,69,67
2944,L21_V01,30641,person,0.3312,27,513,496,35,59
2945,L21_V01,30641,person,0.3165,27,583,410,50,96
2946,L21_V01,30641,person,0.3077,27,114,511,59,102
2947,L21_V01,30641,tie,0.5578,2,574,355,9,19
2948,L21_V01,30641,tie,0.5291,2,322,364,9,37
2949,L21_V01,30641,tvmonitor,0.4844,1,462,84,230,322
2950,L21_V01,30705,person,0.8665,17,19,217,199,423
2951,L21_V01,30705,person,0.8583,17,944,242,190,315
2952,L21_V01,30705,person,0.8241,17,1020,187,113,237
2953,L21_V01,30705,person,0.7761,17,319,252,167,306
2954,L21_V01,30705,person,0.7562,17,821,173,130,383
2955,L21_V01,30705,person,0.6352,17,686,238,139,319
2956,L21_V01,30705,person,0.6194,17,493,211,135,345
2957,L21_V01,30705,person,0.5863,17,834,194,179,362
2958,L21_V01,30705,person,0.554,17,515,181,213,376
2959,L21_V01,30705,person,0.5249,17,520,181,209,537
2960,L21_V01,30705,person,0.4975,17,906,195,111,362
2961,L21_V01,30705,person,0.4777,17,685,237,160,481
2962,L21_V01,30705,person,0.443,17,494,212,133,224
2963,L21_V01,30705,person,0.4221,17,492,210,151,510
2964,L21_V01,30705,person,0.4128,17,319,251,171,469
2965,L21_V01,30705,person,0.3113,17,942,241,196,477
2966,L21_V01,30705,person,0.3044,17,822,174,128,261
2967,L21_V01,30705,tie,0.6552,4,896,277,18,28
2968,L21_V01,30705,tie,0.5458,4,635,293,12,22
2969,L21_V01,30705,tie,0.5209,4,125,330,21,131
2970,L21_V01,30705,tie,0.3433,4,1219,129,48,52
2971,L21_V01,30705,book,0.4616,1,424,396,108,93
2972,L21_V01,30705,chair,0.3421,1,0,510,47,128
2973,L21_V01,30765,person,0.9029,13,844,0,414,554
2974,L21_V01,30765,person,0.8318,13,508,90,500,466
2975,L21_V01,30765,person,0.7859,13,247,169,444,388
2976,L21_V01,30765,person,0.6088,13,72,253,208,384
2977,L21_V01,30765,person,0.5643,13,170,0,371,276
2978,L21_V01,30765,person,0.5626,13,487,0,254,165
2979,L21_V01,30765,person,0.4178,13,806,0,189,183
2980,L21_V01,30765,person,0.3831,13,702,0,127,110
2981,L21_V01,30765,person,0.342,13,247,166,890,553
2982,L21_V01,30765,person,0.3407,13,244,168,741,550
2983,L21_V01,30765,person,0.3299,13,60,0,483,636
2984,L21_V01,30765,person,0.3183,13,0,0,96,177
2985,L21_V01,30765,person,0.3111,13,63,0,480,308
2986,L21_V01,30765,bottle,0.8883,2,1203,329,75,287
2987,L21_V01,30765,bottle,0.6938,2,9,526,86,112
2988,L21_V01,30765,tie,0.5949,1,985,290,109,266
2989,L21_V01,30814,person,0.8796,5,86,122,258,517
2990,L21_V01,30814,person,0.8513,5,495,218,240,339
2991,L21_V01,30814,person,0.8025,5,961,229,252,460
2992,L21_V01,30814,person,0.322,5,405,0,678,337
2993,L21_V01,30814,person,0.3151,5,103,0,337,197
2994,L21_V01,30876,person,0.5525,8,985,490,74,66
2995,L21_V01,30876,person,0.4209,8,637,497,52,58
2996,L21_V01,30876,person,0.3599,8,451,490,58,66
2997,L21_V01,30876,person,0.3471,8,1169,450,88,118
2998,L21_V01,30876,person,0.3464,8,416,504,50,51
2999,L21_V01,30876,person,0.3345,8,222,504,53,53
3000,L21_V01,30876,person,0.3235,8,585,500,59,56
3001,L21_V01,30876,person,0.3195,8,46,499,90,138
3002,L21_V01,30876,frisbee,0.3692,1,56,198,88,24
3003,L21_V01,30976,person,0.8638,3,287,180,285,422
3004,L21_V01,30976,person,0.8313,3,573,193,279,363
3005,L21_V01,30976,person,0.7948,3,864,173,205,420
3006,L21_V01,30976,train,0.3018,1,0,1,1279,718
3007,L21_V01,30977,person,0.8366,3,270,199,300,403
3008,L21_V01,30977,person,0.8167,3,576,195,304,342
3009,L21_V01,30977,person,0.7429,3,871,160,194,427
3010,L21_V01,31077,tvmonitor,0.9512,1,0,0,1279,719
3011,L21_V01,31077,laptop,0.308,1,-1,0,1279,719
3012,L21_V01,31133,person,0.9562,1,369,16,746,623
3013,L21_V01,31133,tie,0.9184,1,665,482,177,78
3014,L21_V01,31348,person,0.6018,22,957,401,55,122
3015,L21_V01,31348,person,0.579,22,358,477,72,79
3016,L21_V01,31348,person,0.5245,22,854,496,61,60
3017,L21_V01,31348,person,0.5127,22,902,488,63,68
3018,L21_V01,31348,person,0.4792,22,1107,465,54,91
3019,L21_V01,31348,person,0.4667,22,422,477,61,79
3020,L21_V01,31348,person,0.4257,22,1137,495,104,144
3021,L21_V01,31348,person,0.4164,22,663,473,78,83
3022,L21_V01,31348,person,0.4023,22,833,449,51,89
3023,L21_V01,31348,person,0.3901,22,579,461,32,54
3024,L21_V01,31348,person,0.3799,22,583,521,42,34
3025,L21_V01,31348,person,0.3787,22,1212,494,66,79
3026,L21_V01,31348,person,0.3715,22,0,442,84,151
3027,L21_V01,31348,person,0.3381,22,371,424,34,35
3028,L21_V01,31348,person,0.3378,22,1193,440,50,59
3029,L21_V01,31348,person,0.3345,22,0,442,98,194
3030,L21_V01,31348,person,0.3335,22,533,449,39,61
3031,L21_V01,31348,person,0.333,22,1148,445,45,53
3032,L21_V01,31348,person,0.322,22,743,503,66,53
3033,L21_V01,31348,person,0.3184,22,474,492,93,65
3034,L21_V01,31348,person,0.3171,22,734,480,53,58
3035,L21_V01,31348,person,0.3122,22,584,499,66,57
3036,L21_V01,31405,person,0.9215,4,199,143,238,496
3037,L21_V01,31405,person,0.9091,4,762,178,219,539
3038,L21_V01,31405,person,0.8972,4,809,192,307,446
3039,L21_V01,31405,person,0.8612,4,458,226,204,410
3040,L21_V01,31405,tie,0.8314,1,310,286,35,106
3041,L21_V01,31405,book,0.7747,1,432,355,114,144
3042,L21_V01,31405,bottle,0.3755,1,796,322,40,161
3043,L21_V01,31405,chair,0.3643,1,644,546,27,92
3044,L21_V01,31500,person,0.9599,1,287,26,807,612
3045,L21_V01,31500,tie,0.9292,1,595,539,195,84
3046,L21_V01,31623,person,0.9171,3,815,135,362,504
3047,L21_V01,31623,person,0.9143,3,488,173,419,463
3048,L21_V01,31623,person,0.8855,3,130,132,336,509
3049,L21_V01,31623,remote,0.4091,1,897,372,43,59
3050,L21_V01,31623,book,0.3076,1,722,398,149,209
3051,L21_V01,31671,person,0.9596,1,518,67,578,571
3052,L21_V01,31671,bird,0.7731,2,14,304,477,222
3053,L21_V01,31671,bird,0.4707,2,14,303,477,333
3054,L21_V01,31671,tvmonitor,0.4373,1,3,2,1207,650
3055,L21_V01,32107,person,0.671,20,954,481,32,146
3056,L21_V01,32107,person,0.5057,20,1090,542,82,80
3057,L21_V01,32107,person,0.5044,20,203,563,69,75
3058,L21_V01,32107,person,0.4876,20,1048,531,62,106
3059,L21_V01,32107,person,0.4799,20,410,559,64,79
3060,L21_V01,32107,person,0.467,20,528,539,62,73
3061,L21_V01,32107,person,0.422,20,723,527,56,89
3062,L21_V01,32107,person,0.4092,20,306,563,64,75
3063,L21_V01,32107,person,0.3979,20,768,578,96,60
3064,L21_V01,32107,person,0.3947,20,491,531,50,80
3065,L21_V01,32107,person,0.3692,20,852,583,63,55
3066,L21_V01,32107,person,0.3434,20,824,510,34,51
3067,L21_V01,32107,person,0.3432,20,525,506,31,47
3068,L21_V01,32107,person,0.329,20,1168,546,57,85
3069,L21_V01,32107,person,0.326,20,787,497,36,54
3070,L21_V01,32107,person,0.321,20,1133,532,40,59
3071,L21_V01,32107,person,0.3149,20,563,564,72,74
3072,L21_V01,32107,person,0.311,20,711,510,34,49
3073,L21_V01,32107,person,0.3097,20,354,534,43,77
3074,L21_V01,32107,person,0.3094,20,446,534,46,82
3075,L21_V01,32107,train,0.4786,1,1,1,1278,619
3076,L21_V01,32108,person,0.6628,20,954,481,33,146
3077,L21_V01,32108,person,0.5034,20,203,563,69,75
3078,L21_V01,32108,person,0.4968,20,1090,542,83,80
3079,L21_V01,32108,person,0.4801,20,409,558,65,79
3080,L21_V01,32108,person,0.48,20,1048,531,62,106
3081,L21_V01,32108,person,0.4699,20,528,538,61,74
3082,L21_V01,32108,person,0.4192,20,725,526,54,89
3083,L21_V01,32108,person,0.4133,20,767,577,97,60
3084,L21_V01,32108,person,0.3991,20,492,531,50,79
3085,L21_V01,32108,person,0.3937,20,308,563,61,75
3086,L21_V01,32108,person,0.3802,20,851,583,64,55
3087,L21_V01,32108,person,0.3365,20,526,506,31,46
3088,L21_V01,32108,person,0.329,20,787,497,36,54
3089,L21_V01,32108,person,0.3276,20,823,510,35,51
3090,L21_V01,32108,person,0.3208,20,1168,545,57,83
3091,L21_V01,32108,person,0.312,20,1132,532,41,60
3092,L21_V01,32108,person,0.311,20,446,533,46,82
3093,L21_V01,32108,person,0.307,20,354,533,45,78
3094,L21_V01,32108,person,0.3048,20,711,510,34,48
3095,L21_V01,32108,person,0.301,20,1221,562,57,75
3096,L21_V01,32108,train,0.5205,1,0,1,1279,614
3097,L21_V01,32164,person,0.8415,26,740,346,47,183
3098,L21_V01,32164,person,0.8123,26,673,345,63,189
3099,L21_V01,32164,person,0.6996,26,465,131,188,335
3100,L21_V01,32164,person,0.6458,26,380,489,83,146
3101,L21_V01,32164,person,0.6447,26,596,535,73,103
3102,L21_V01,32164,person,0.5759,26,545,573,56,65
3103,L21_V01,32164,person,0.5645,26,933,523,56,82
3104,L21_V01,32164,person,0.5617,26,280,495,61,89
3105,L21_V01,32164,person,0.5551,26,19,520,83,99
3106,L21_V01,32164,person,0.5453,26,715,554,75,84
3107,L21_V01,32164,person,0.5388,26,94,527,95,111
3108,L21_V01,32164,person,0.5258,26,781,512,64,88
3109,L21_V01,32164,person,0.5239,26,229,519,78,77
3110,L21_V01,32164,person,0.5208,26,613,337,63,191
3111,L21_V01,32164,person,0.4931,26,681,522,46,60
3112,L21_V01,32164,person,0.4635,26,878,558,65,79
3113,L21_V01,32164,person,0.4126,26,218,499,59,76
3114,L21_V01,32164,person,0.4109,26,382,489,79,85
3115,L21_V01,32164,person,0.4077,26,766,517,43,67
3116,L21_V01,32164,person,0.3961,26,441,574,60,64
3117,L21_V01,32164,person,0.3945,26,997,521,79,116
3118,L21_V01,32164,person,0.3809,26,785,581,68,57
3119,L21_V01,32164,person,0.3669,26,319,583,78,55
3120,L21_V01,32164,person,0.3514,26,1096,555,76,82
3121,L21_V01,32164,person,0.3101,26,943,585,77,54
3122,L21_V01,32164,person,0.3011,26,843,524,51,112
3123,L21_V01,32164,tie,0.4235,1,747,381,12,44
3124,L21_V01,32164,laptop,0.3125,2,888,533,35,32
3125,L21_V01,32164,laptop,0.3009,2,176,572,47,39
3126,L21_V01,32164,chair,0.3122,2,26,584,74,53
3127,L21_V01,32164,chair,0.3103,2,0,600,38,38
3128,L21_V01,32231,person,0.7566,2,938,32,200,185
3129,L21_V01,32231,person,0.3974,2,1105,40,141,189
3130,L21_V01,32232,person,0.4589,2,935,23,215,192
3131,L21_V01,32232,person,0.382,2,934,16,312,218
3132,L21_V01,32250,person,0.8653,2,890,0,239,298
3133,L21_V01,32250,person,0.3742,2,189,258,16,28
3134,L21_V01,32265,person,0.8156,1,115,210,208,260
3135,L21_V01,32275,person,0.8698,1,645,50,512,343
3136,L21_V01,32275,backpack,0.6106,2,625,176,263,140
3137,L21_V01,32275,backpack,0.5027,2,694,176,198,128
3138,L21_V01,32290,person,0.938,11,136,126,345,511
3139,L21_V01,32290,person,0.9017,11,860,94,301,544
3140,L21_V01,32290,person,0.8469,11,519,69,187,567
3141,L21_V01,32290,person,0.7297,11,658,199,214,438
3142,L21_V01,32290,person,0.6551,11,954,58,207,327
3143,L21_V01,32290,person,0.4148,11,1002,301,277,335
3144,L21_V01,32290,person,0.3896,11,955,58,199,201
3145,L21_V01,32290,person,0.3058,11,623,130,59,159
3146,L21_V01,32290,person,0.3052,11,1001,303,278,168
3147,L21_V01,32290,person,0.3043,11,623,130,61,229
3148,L21_V01,32290,person,0.3017,11,1006,156,152,232
3149,L21_V01,32290,cell phone,0.3284,1,987,58,31,21
3150,L21_V01,32290,motorbike,0.3235,1,800,579,190,60
3151,L21_V01,32301,train,0.5268,2,0,0,1279,719
3152,L21_V01,32301,train,0.4648,2,0,636,1279,82
3153,L21_V01,32301,oven,0.4134,1,0,0,1279,719
3154,L21_V01,32302,train,0.5671,2,0,0,1279,719
3155,L21_V01,32302,train,0.3674,2,0,636,1279,82
3156,L21_V01,32302,oven,0.4052,1,0,0,1279,719
3157,L21_V01,32332,cell phone,0.8036,4,812,474,57,53
3158,L21_V01,32332,cell phone,0.7489,4,400,260,37,41
3159,L21_V01,32332,cell phone,0.3635,4,1002,532,51,30
3160,L21_V01,32332,cell phone,0.3295,4,352,243,27,36
3161,L21_V01,32332,person,0.7669,22,794,319,312,320
3162,L21_V01,32332,person,0.7519,22,640,328,219,310
3163,L21_V01,32332,person,0.7113,22,518,367,171,272
3164,L21_V01,32332,person,0.6707,22,186,248,221,329
3165,L21_V01,32332,person,0.6622,22,1007,269,272,365
3166,L21_V01,32332,person,0.5936,22,69,260,117,158
3167,L21_V01,32332,person,0.5596,22,265,413,325,225
3168,L21_V01,32332,person,0.5091,22,531,277,97,112
3169,L21_V01,32332,person,0.5012,22,1104,246,174,250
3170,L21_V01,32332,person,0.4949,22,700,266,119,176
3171,L21_V01,32332,person,0.47,22,362,262,165,187
3172,L21_V01,32332,person,0.4041,22,838,252,95,93
3173,L21_V01,32332,person,0.3888,22,229,413,538,304
3174,L21_V01,32332,person,0.3603,22,597,242,86,120
3175,L21_V01,32332,person,0.3528,22,477,261,64,126
3176,L21_V01,32332,person,0.3474,22,1011,268,112,162
3177,L21_V01,32332,person,0.3417,22,744,223,71,115
3178,L21_V01,32332,person,0.3286,22,239,406,790,311
3179,L21_V01,32332,person,0.3274,22,69,175,71,112
3180,L21_V01,32332,person,0.3165,22,960,211,53,77
3181,L21_V01,32332,person,0.3093,22,0,232,79,102
3182,L21_V01,32332,person,0.3039,22,0,303,81,106
3183,L21_V01,32332,handbag,0.7345,3,952,458,127,118
3184,L21_V01,32332,handbag,0.5374,3,1185,370,48,36
3185,L21_V01,32332,handbag,0.418,3,931,372,148,205
3186,L21_V01,32332,chair,0.6172,9,1158,524,96,114
3187,L21_V01,32332,chair,0.4826,9,3,453,214,185
3188,L21_V01,32332,chair,0.4703,9,121,363,96,130
3189,L21_V01,32332,chair,0.4649,9,181,610,103,29
3190,L21_V01,32332,chair,0.3911,9,758,427,50,58
3191,L21_V01,32332,chair,0.3561,9,121,363,135,246
3192,L21_V01,32332,chair,0.3376,9,121,363,134,244
3193,L21_V01,32332,chair,0.3359,9,0,383,90,168
3194,L21_V01,32332,chair,0.3169,9,183,322,35,52
3195,L21_V01,32333,cell phone,0.7852,4,810,474,58,53
3196,L21_V01,32333,cell phone,0.7192,4,400,260,37,41
3197,L21_V01,32333,cell phone,0.3637,4,1002,532,51,30
3198,L21_V01,32333,cell phone,0.343,4,352,243,26,36
3199,L21_V01,32333,person,0.7717,23,794,319,312,320
3200,L21_V01,32333,person,0.7708,23,640,328,215,310
3201,L21_V01,32333,person,0.6957,23,517,367,173,272
3202,L21_V01,32333,person,0.6515,23,186,248,221,328
3203,L21_V01,32333,person,0.643,23,1008,269,271,363
3204,L21_V01,32333,person,0.603,23,69,260,117,159
3205,L21_V01,32333,person,0.5587,23,264,413,324,225
3206,L21_V01,32333,person,0.5104,23,700,266,119,176
3207,L21_V01,32333,person,0.5027,23,531,276,97,113
3208,L21_V01,32333,person,0.5018,23,1104,246,174,249
3209,L21_V01,32333,person,0.4929,23,360,261,168,191
3210,L21_V01,32333,person,0.3832,23,838,252,94,93
3211,L21_V01,32333,person,0.3713,23,227,413,539,304
3212,L21_V01,32333,person,0.371,23,929,283,296,353
3213,L21_V01,32333,person,0.3684,23,597,242,87,120
3214,L21_V01,32333,person,0.3506,23,477,261,63,125
3215,L21_V01,32333,person,0.3482,23,1011,268,113,163
3216,L21_V01,32333,person,0.3351,23,225,406,809,312
3217,L21_V01,32333,person,0.334,23,744,222,71,117
3218,L21_V01,32333,person,0.322,23,69,176,71,112
3219,L21_V01,32333,person,0.3109,23,960,211,53,77
3220,L21_V01,32333,person,0.3065,23,0,303,81,105
3221,L21_V01,32333,person,0.3051,23,0,232,80,103
3222,L21_V01,32333,handbag,0.7458,3,952,459,126,118
3223,L21_V01,32333,handbag,0.5447,3,1185,370,48,36
3224,L21_V01,32333,handbag,0.3817,3,931,370,149,206
3225,L21_V01,32333,chair,0.6472,8,1159,524,96,114
3226,L21_V01,32333,chair,0.54,8,2,453,212,185
3227,L21_V01,32333,chair,0.5307,8,121,363,96,130
3228,L21_V01,32333,chair,0.4655,8,181,609,103,29
3229,L21_V01,32333,chair,0.4157,8,121,363,135,244
3230,L21_V01,32333,chair,0.4083,8,757,427,51,58
3231,L21_V01,32333,chair,0.3383,8,183,322,36,52
3232,L21_V01,32333,chair,0.3233,8,0,453,216,264
3233,L21_V01,32372,person,0.9165,3,105,106,322,423
3234,L21_V01,32372,person,0.9135,3,522,131,269,402
3235,L21_V01,32372,person,0.8601,3,906,160,278,407
3236,L21_V01,32372,tie,0.3208,1,1056,317,28,74
3237,L21_V01,32372,traffic light,0.3103,1,453,690,43,29
3238,L21_V01,32438,person,0.7789,8,961,618,41,21
3239,L21_V01,32438,person,0.7646,8,139,98,318,536
3240,L21_V01,32438,person,0.7588,8,801,616,42,22
3241,L21_V01,32438,person,0.7329,8,623,614,41,25
3242,L21_V01,32438,person,0.6195,8,304,610,41,28
3243,L21_V01,32438,person,0.5723,8,463,612,42,26
3244,L21_V01,32438,person,0.3801,8,1138,621,28,18
3245,L21_V01,32438,person,0.33,8,1,611,19,28
3246,L21_V01,32438,tvmonitor,0.4143,1,0,-2,1279,719
3247,L21_V01,32490,cup,0.8678,2,431,280,162,212
3248,L21_V01,32490,cup,0.4887,2,286,357,119,92
3249,L21_V01,32490,person,0.7954,2,850,149,279,415
3250,L21_V01,32490,person,0.7173,2,289,176,310,341
3251,L21_V01,32490,tvmonitor,0.5063,1,2,0,1279,640
3252,L21_V01,32490,bowl,0.3616,1,286,357,119,92
3253,L21_V01,32564,tvmonitor,0.902,1,4,-10,1274,710
3254,L21_V01,32564,laptop,0.3848,1,0,0,1279,719
3255,L21_V01,32614,person,0.7554,1,327,142,537,496
3256,L21_V01,32614,tvmonitor,0.3469,1,3,1,1277,639
3257,L21_V01,32629,refrigerator,0.6649,7,269,281,128,355
3258,L21_V01,32629,refrigerator,0.4467,7,396,215,170,419
3259,L21_V01,32629,refrigerator,0.4048,7,401,216,160,295
3260,L21_V01,32629,refrigerator,0.3451,7,201,214,70,423
3261,L21_V01,32629,refrigerator,0.3359,7,56,212,213,425
3262,L21_V01,32629,refrigerator,0.3342,7,99,375,99,262
3263,L21_V01,32629,refrigerator,0.3249,7,23,0,1254,640
3264,L21_V01,32629,person,0.3452,1,562,250,143,159
3265,L21_V01,32629,tvmonitor,0.3216,1,23,0,1254,640
3266,L21_V01,32679,person,0.92,1,246,72,516,564
3267,L21_V01,32679,vase,0.7074,2,109,455,95,183
3268,L21_V01,32679,vase,0.6037,2,0,439,128,199
3269,L21_V01,32679,chair,0.4519,1,760,555,237,83
3270,L21_V01,32679,pottedplant,0.382,2,0,0,375,639
3271,L21_V01,32679,pottedplant,0.3148,2,0,0,374,719
3272,L21_V01,32680,person,0.9277,1,246,72,518,565
3273,L21_V01,32680,vase,0.7274,2,109,455,95,183
3274,L21_V01,32680,vase,0.6322,2,0,439,128,199
3275,L21_V01,32680,chair,0.5133,1,761,555,237,83
3276,L21_V01,32680,pottedplant,0.3674,2,0,0,376,639
3277,L21_V01,32680,pottedplant,0.3176,2,0,0,375,719
3278,L21_V01,32874,person,0.663,2,308,47,492,510
3279,L21_V01,32874,person,0.4611,2,214,45,598,673
3280,L21_V01,32874,pottedplant,0.426,2,0,0,404,640
3281,L21_V01,32874,pottedplant,0.31,2,1,0,412,718
3282,L21_V01,33398,person,0.932,9,456,192,112,405
3283,L21_V01,33398,person,0.9156,9,570,192,133,426
3284,L21_V01,33398,person,0.9139,9,72,233,109,290
3285,L21_V01,33398,person,0.9098,9,684,171,153,468
3286,L21_V01,33398,person,0.9084,9,0,218,70,314
3287,L21_V01,33398,person,0.8664,9,795,162,189,477
3288,L21_V01,33398,person,0.5339,9,70,230,55,245
3289,L21_V01,33398,person,0.3379,9,69,230,55,166
3290,L21_V01,33398,person,0.3011,9,166,257,31,35
3291,L21_V01,33398,cell phone,0.6247,1,478,238,19,16
3292,L21_V01,33398,book,0.4763,2,511,316,56,32
3293,L21_V01,33398,book,0.416,2,764,349,87,68
3294,L21_V01,33398,handbag,0.4571,2,0,347,64,57
3295,L21_V01,33398,handbag,0.3951,2,0,295,65,109
3296,L21_V01,33398,backpack,0.435,1,85,276,81,108
3297,L21_V01,33399,person,0.9339,9,456,192,113,406
3298,L21_V01,33399,person,0.9217,9,72,233,109,290
3299,L21_V01,33399,person,0.9211,9,682,171,159,468
3300,L21_V01,33399,person,0.9171,9,570,192,136,426
3301,L21_V01,33399,person,0.9126,9,0,219,69,313
3302,L21_V01,33399,person,0.8777,9,796,163,188,477
3303,L21_V01,33399,person,0.4923,9,70,232,55,243
3304,L21_V01,33399,person,0.4547,9,71,232,54,243
3305,L21_V01,33399,person,0.3496,9,69,232,54,160
3306,L21_V01,33399,cell phone,0.6104,1,478,238,18,16
3307,L21_V01,33399,book,0.5038,2,511,316,56,32
3308,L21_V01,33399,book,0.4237,2,763,350,83,71
3309,L21_V01,33399,handbag,0.4564,2,0,347,63,57
3310,L21_V01,33399,handbag,0.3605,2,0,296,63,108
3311,L21_V01,33498,person,0.9247,6,260,224,258,333
3312,L21_V01,33498,person,0.8969,6,119,217,197,340
3313,L21_V01,33498,person,0.8891,6,805,119,355,518
3314,L21_V01,33498,person,0.8879,6,1004,223,212,415
3315,L21_V01,33498,person,0.857,6,37,257,160,381
3316,L21_V01,33498,person,0.4818,6,0,188,104,451
3317,L21_V01,33498,tie,0.7551,5,186,339,26,53
3318,L21_V01,33498,tie,0.5282,5,348,372,62,151
3319,L21_V01,33498,tie,0.3509,5,1103,341,23,57
3320,L21_V01,33498,tie,0.314,5,389,371,47,160
3321,L21_V01,33498,tie,0.3051,5,1104,362,19,35
3322,L21_V01,33595,person,0.8951,16,621,386,68,170
3323,L21_V01,33595,person,0.867,16,472,386,54,170
3324,L21_V01,33595,person,0.8658,16,748,395,74,161
3325,L21_V01,33595,person,0.8351,16,530,394,67,162
3326,L21_V01,33595,person,0.7949,16,947,385,65,171
3327,L21_V01,33595,person,0.5778,16,51,565,73,73
3328,L21_V01,33595,person,0.5088,16,135,483,48,71
3329,L21_V01,33595,person,0.496,16,53,542,56,66
3330,L21_V01,33595,person,0.4631,16,377,259,60,86
3331,L21_V01,33595,person,0.4548,16,436,246,81,98
3332,L21_V01,33595,person,0.4451,16,1148,590,53,48
3333,L21_V01,33595,person,0.4157,16,0,541,29,97
3334,L21_V01,33595,person,0.3973,16,266,471,39,37
3335,L21_V01,33595,person,0.3209,16,108,559,28,78
3336,L21_V01,33595,person,0.318,16,365,472,29,36
3337,L21_V01,33595,person,0.3124,16,172,460,30,50
3338,L21_V01,33595,tvmonitor,0.7213,2,353,165,206,302
3339,L21_V01,33595,tvmonitor,0.3495,2,25,532,43,47
3340,L21_V01,33620,person,0.9347,8,583,191,259,447
3341,L21_V01,33620,person,0.9149,8,296,162,210,478
3342,L21_V01,33620,person,0.8538,8,202,185,76,141
3343,L21_V01,33620,person,0.8509,8,774,177,338,461
3344,L21_V01,33620,person,0.7033,8,311,222,38,47
3345,L21_V01,33620,person,0.5771,8,147,204,45,132
3346,L21_V01,33620,person,0.4885,8,48,197,62,95
3347,L21_V01,33620,person,0.3403,8,8,195,53,97
3348,L21_V01,33620,chair,0.6212,2,207,498,105,140
3349,L21_V01,33620,chair,0.3619,2,0,515,183,124
3350,L21_V01,33620,cell phone,0.3442,1,761,402,38,12
3351,L21_V01,33620,cup,0.3271,1,758,357,39,56
3352,L21_V01,33674,person,0.8194,31,671,344,64,192
3353,L21_V01,33674,person,0.8189,31,740,346,55,181
3354,L21_V01,33674,person,0.6945,31,615,337,61,191
3355,L21_V01,33674,person,0.688,31,382,489,80,87
3356,L21_V01,33674,person,0.6861,31,597,535,72,102
3357,L21_V01,33674,person,0.6319,31,466,131,189,334
3358,L21_V01,33674,person,0.5913,31,548,573,57,65
3359,L21_V01,33674,person,0.5815,31,717,554,77,85
3360,L21_V01,33674,person,0.5788,31,21,520,82,96
3361,L21_V01,33674,person,0.5756,31,782,511,59,92
3362,L21_V01,33674,person,0.57,31,280,495,63,89
3363,L21_V01,33674,person,0.5471,31,94,527,97,111
3364,L21_V01,33674,person,0.547,31,227,503,82,93
3365,L21_V01,33674,person,0.5332,31,936,524,57,81
3366,L21_V01,33674,person,0.4928,31,884,557,62,80
3367,L21_V01,33674,person,0.4834,31,683,522,46,63
3368,L21_V01,33674,person,0.4164,31,320,583,80,55
3369,L21_V01,33674,person,0.4085,31,444,575,60,63
3370,L21_V01,33674,person,0.4074,31,787,581,68,57
3371,L21_V01,33674,person,0.3741,31,850,523,47,77
3372,L21_V01,33674,person,0.3582,31,997,521,81,115
3373,L21_V01,33674,person,0.3532,31,769,515,44,69
3374,L21_V01,33674,person,0.3429,31,1105,554,69,83
3375,L21_V01,33674,person,0.3415,31,828,551,60,87
3376,L21_V01,33674,person,0.3314,31,768,515,46,89
3377,L21_V01,33674,person,0.3293,31,944,586,81,53
3378,L21_V01,33674,person,0.328,31,1193,564,71,73
3379,L21_V01,33674,person,0.321,31,220,498,57,74
3380,L21_V01,33674,person,0.3123,31,665,567,61,71
3381,L21_V01,33674,person,0.3066,31,1085,528,69,84
3382,L21_V01,33674,person,0.3033,31,664,567,58,50
3383,L21_V01,33674,tie,0.5481,1,749,380,14,36
3384,L21_V01,33674,chair,0.3889,1,178,573,47,38
3385,L21_V01,33696,person,0.9359,8,940,167,135,471
3386,L21_V01,33696,person,0.9298,8,717,167,168,471
3387,L21_V01,33696,person,0.9247,8,521,150,193,487
3388,L21_V01,33696,person,0.4101,8,546,694,86,25
3389,L21_V01,33696,person,0.4073,8,143,133,233,383
3390,L21_V01,33696,person,0.3828,8,800,690,97,29
3391,L21_V01,33696,person,0.3538,8,1054,690,105,29
3392,L21_V01,33696,person,0.3265,8,144,134,220,183
3393,L21_V01,33696,book,0.5083,1,682,310,74,67
3394,L21_V01,33696,tie,0.4845,2,771,256,19,46
3395,L21_V01,33696,tie,0.3754,2,973,271,24,82
3396,L21_V01,33696,tvmonitor,0.3662,1,265,423,151,99
3397,L21_V01,33727,person,0.779,20,793,319,314,319
3398,L21_V01,33727,person,0.7265,20,639,328,222,310
3399,L21_V01,33727,person,0.7136,20,1005,269,274,364
3400,L21_V01,33727,person,0.6881,20,185,244,220,338
3401,L21_V01,33727,person,0.6766,20,512,367,178,271
3402,L21_V01,33727,person,0.6041,20,69,260,117,161
3403,L21_V01,33727,person,0.5938,20,265,414,327,224
3404,L21_V01,33727,person,0.5905,20,1104,246,174,255
3405,L21_V01,33727,person,0.5211,20,357,263,171,195
3406,L21_V01,33727,person,0.5064,20,701,265,118,175
3407,L21_V01,33727,person,0.4507,20,526,276,102,116
3408,L21_V01,33727,person,0.3775,20,208,413,561,305
3409,L21_V01,33727,person,0.3534,20,1011,268,109,164
3410,L21_V01,33727,person,0.3501,20,838,251,77,92
3411,L21_V01,33727,person,0.3399,20,477,261,63,120
3412,L21_V01,33727,person,0.3167,20,742,224,80,185
3413,L21_V01,33727,person,0.3151,20,743,222,71,116
3414,L21_V01,33727,person,0.3064,20,894,240,52,102
3415,L21_V01,33727,person,0.3008,20,598,243,75,120
3416,L21_V01,33727,person,0.3003,20,960,211,53,76
3417,L21_V01,33727,cell phone,0.7324,5,809,474,57,53
3418,L21_V01,33727,cell phone,0.7063,5,399,260,38,41
3419,L21_V01,33727,cell phone,0.4369,5,1001,532,51,29
3420,L21_V01,33727,cell phone,0.3097,5,823,570,32,67
3421,L21_V01,33727,cell phone,0.3031,5,832,475,34,35
3422,L21_V01,33727,handbag,0.61,3,983,464,95,113
3423,L21_V01,33727,handbag,0.5155,3,1187,370,46,36
3424,L21_V01,33727,handbag,0.3593,3,931,371,148,205
3425,L21_V01,33727,chair,0.5946,10,1161,523,97,115
3426,L21_V01,33727,chair,0.5712,10,5,453,201,185
3427,L21_V01,33727,chair,0.5658,10,122,363,94,131
3428,L21_V01,33727,chair,0.4808,10,182,610,101,29
3429,L21_V01,33727,chair,0.4229,10,121,363,136,247
3430,L21_V01,33727,chair,0.389,10,760,427,47,54
3431,L21_V01,33727,chair,0.3703,10,183,323,37,52
3432,L21_V01,33727,chair,0.3339,10,0,383,91,160
3433,L21_V01,33727,chair,0.3269,10,617,351,38,44
3434,L21_V01,33727,chair,0.3057,10,0,453,213,264
3435,L21_V01,33766,person,0.9121,24,650,356,99,242
3436,L21_V01,33766,person,0.9013,24,750,352,67,225
3437,L21_V01,33766,person,0.8888,24,511,361,70,217
3438,L21_V01,33766,person,0.8764,24,440,377,82,218
3439,L21_V01,33766,person,0.8694,24,595,375,73,210
3440,L21_V01,33766,person,0.6861,24,262,565,91,74
3441,L21_V01,33766,person,0.6114,24,1215,511,65,127
3442,L21_V01,33766,person,0.6113,24,429,378,48,209
3443,L21_V01,33766,person,0.5936,24,594,576,72,63
3444,L21_V01,33766,person,0.5575,24,470,591,64,48
3445,L21_V01,33766,person,0.5337,24,220,572,56,67
3446,L21_V01,33766,person,0.531,24,1052,574,57,64
3447,L21_V01,33766,person,0.531,24,380,569,69,69
3448,L21_V01,33766,person,0.5139,24,151,562,61,76
3449,L21_V01,33766,person,0.4743,24,343,569,43,53
3450,L21_V01,33766,person,0.453,24,711,571,102,67
3451,L21_V01,33766,person,0.429,24,50,594,61,44
3452,L21_V01,33766,person,0.4274,24,886,596,57,43
3453,L21_V01,33766,person,0.4075,24,838,590,45,49
3454,L21_V01,33766,person,0.3912,24,971,591,50,47
3455,L21_V01,33766,person,0.3784,24,136,601,52,38
3456,L21_V01,33766,person,0.3566,24,110,571,43,51
3457,L21_V01,33766,person,0.3508,24,754,609,47,29
3458,L21_V01,33766,person,0.3232,24,505,569,58,69
3459,L21_V01,33766,tvmonitor,0.5363,4,336,67,276,376
3460,L21_V01,33766,tvmonitor,0.4137,4,332,547,53,33
3461,L21_V01,33766,tvmonitor,0.3894,4,78,547,54,30
3462,L21_V01,33766,tvmonitor,0.3817,4,207,548,51,28
3463,L21_V01,33766,tie,0.3198,1,541,405,10,57
3464,L21_V01,33819,person,0.927,7,94,225,271,413
3465,L21_V01,33819,person,0.9126,7,732,140,326,574
3466,L21_V01,33819,person,0.8812,7,1025,205,212,435
3467,L21_V01,33819,person,0.8771,7,359,204,296,513
3468,L21_V01,33819,person,0.87,7,1119,138,160,500
3469,L21_V01,33819,person,0.3261,7,577,34,204,411
3470,L21_V01,33819,person,0.3094,7,1049,207,72,213
3471,L21_V01,33819,tie,0.8971,2,487,359,51,155
3472,L21_V01,33819,tie,0.3057,2,894,320,29,128
3473,L21_V01,33819,book,0.4652,1,606,440,141,162
